"Frag","Ponto","Species","N"
"62",6,"Acropsp1",1
"62",7,"Acropsp1",1
"62",8,"Acropsp1",1
"61",2,"Acropsp1",1
"42",4,"Acropsp1",1
"61",1,"Ambmystri",1
"7",5,"Anocbispinosus",1
"156",10,"Anocbispinosus",1
"27",3,"Anocbispinosus",1
"62",9,"Anocbispinosus",1
"61",4,"Anocbispinosus",1
"61",5,"Anocbispinosus",1
"42",4,"Anocbispinosus",1
"42",5,"Anocbispinosus",1
"42",7,"Anocbispinosus",1
"67",1,"Anocbispinosus",1
"67",10,"Anocbispinosus",1
"143",1,"Anocsp2",1
"143",3,"Anocsp2",1
"156",3,"Anocsp2",1
"156",7,"Anocsp2",1
"151",3,"Anocsp2",1
"151",7,"Anocsp2",1
"155",6,"Anocsp2",1
"61",8,"Anocsp2",1
"153a",2,"Anocsp2",1
"153a",7,"Anocsp2",1
"94",6,"Anocsp2",1
"114",4,"Anocsp2",1
"16",3,"Anocsp2",1
"H",2,"Anocsp2",1
"H",3,"Anocsp2",1
"H",6,"Anocsp2",1
"26",6,"Anocsp2",1
"156",7,"Anocsp3",1
"27",9,"Anocsp3",1
"62",3,"Anocsp3",1
"62",6,"Anocsp3",1
"131",2,"Anocsp3",1
"131",9,"Anocsp3",1
"61",4,"Anocsp3",1
"61",9,"Anocsp3",1
"94",9,"Anocsp3",1
"145",6,"Anocsp3",1
"67",4,"Anocsp3",1
"153",8,"Anocsp3",1
"150",10,"Anocsp3",1
"114",1,"Anocsp3",1
"27",10,"Anocsp4",1
"61",3,"Anocsp4",1
"114",4,"Anocsp4",1
"114",6,"Anocsp4",1
"16",3,"Anocsp4",1
"16",5,"Anocsp4",1
"16",10,"Anocsp4",1
"26",2,"Anocsp4",1
"26",9,"Anocsp4",1
"27",7,"Anocsp5",1
"7",7,"Asphinctanilloidesanae",1
"151",1,"Asphinctanilloidesanae",1
"153a",2,"Aztsp1",1
"153a",3,"Aztsp1",1
"16",6,"Aztsp2",1
"16",6,"Aztsp3",1
"7",3,"Brachsp1",1
"143",3,"Brachsp1",1
"143",4,"Brachsp1",1
"143",5,"Brachsp1",1
"156",1,"Brachsp1",1
"156",2,"Brachsp1",1
"156",5,"Brachsp1",1
"156",6,"Brachsp1",1
"156",7,"Brachsp1",1
"156",8,"Brachsp1",1
"151",3,"Brachsp1",1
"151",4,"Brachsp1",1
"151",5,"Brachsp1",1
"151",6,"Brachsp1",1
"151",7,"Brachsp1",1
"151",9,"Brachsp1",1
"151",10,"Brachsp1",1
"27",2,"Brachsp1",1
"27",3,"Brachsp1",1
"27",5,"Brachsp1",1
"27",9,"Brachsp1",1
"27",10,"Brachsp1",1
"155",5,"Brachsp1",1
"155",7,"Brachsp1",1
"155",10,"Brachsp1",1
"62",1,"Brachsp1",1
"62",6,"Brachsp1",1
"62",7,"Brachsp1",1
"62",8,"Brachsp1",1
"62",10,"Brachsp1",1
"131",1,"Brachsp1",1
"131",5,"Brachsp1",1
"131",10,"Brachsp1",1
"61",5,"Brachsp1",1
"153a",4,"Brachsp1",1
"153a",8,"Brachsp1",1
"153a",9,"Brachsp1",1
"152",8,"Brachsp1",1
"94",8,"Brachsp1",1
"94",9,"Brachsp1",1
"29",4,"Brachsp1",1
"29",5,"Brachsp1",1
"29",7,"Brachsp1",1
"29",9,"Brachsp1",1
"42",4,"Brachsp1",1
"48",7,"Brachsp1",1
"145",2,"Brachsp1",1
"67",2,"Brachsp1",1
"67",8,"Brachsp1",1
"150",3,"Brachsp1",1
"150",9,"Brachsp1",1
"114",5,"Brachsp1",1
"114",10,"Brachsp1",1
"H",1,"Brachsp1",1
"H",3,"Brachsp1",1
"H",4,"Brachsp1",1
"H",6,"Brachsp1",1
"26",2,"Brachsp1",1
"26",8,"Brachsp1",1
"26",9,"Brachsp1",1
"143",9,"Brachsp2",1
"27",2,"Brachsp3",1
"61",4,"Brachsp4",1
"29",6,"Brachsp4",1
"7",9,"Campsp1",1
"151",6,"Campsp2",1
"151",10,"Campsp2",1
"153a",6,"Campsp2",1
"153a",9,"Campsp2",1
"94",3,"Campsp2",1
"67",3,"Campsp2",1
"114",8,"Campsp2",1
"H",1,"Campsp2",1
"H",2,"Campsp2",1
"26",6,"Campsp2",1
"156",3,"Campsp3",1
"42",4,"Campsp3",1
"48",5,"Campsp3",1
"156",4,"Campsp4",1
"156",5,"Campsp4",1
"156",7,"Campsp4",1
"156",9,"Campsp5",1
"155",3,"Campsp5",1
"131",3,"Campsp5",1
"42",2,"Campsp5",1
"42",3,"Campsp5",1
"42",9,"Campsp5",1
"27",3,"Campsp6",1
"27",3,"Campsp7",1
"152",10,"Campsp8",1
"94",1,"Campsp9",1
"94",7,"Campsp9",1
"94",5,"Campsp10",1
"67",2,"Campsp10",1
"114",5,"Campsp10",1
"94",5,"Campsp11",1
"94",10,"Campsp12",1
"153a",2,"Campsericei",1
"154",1,"Campsericei",1
"154",2,"Campsericei",1
"154",3,"Campsericei",1
"154",8,"Campsericei",1
"154",9,"Campsericei",1
"154",10,"Campsericei",1
"48",10,"Campsericei",1
"42",6,"Campsp15",1
"152",1,"Dgermaini",1
"152",7,"Dgermaini",1
"156",3,"Dolisp1",1
"151",3,"Dolisp1",1
"27",3,"Dolisp1",1
"62",5,"Dolisp1",1
"62",9,"Dolisp1",1
"62",10,"Dolisp1",1
"131",3,"Dolisp1",1
"152",3,"Dolisp1",1
"152",10,"Dolisp1",1
"94",1,"Dolisp1",1
"94",2,"Dolisp1",1
"94",3,"Dolisp1",1
"94",4,"Dolisp1",1
"94",5,"Dolisp1",1
"94",6,"Dolisp1",1
"94",10,"Dolisp1",1
"29",2,"Dolisp1",1
"29",7,"Dolisp1",1
"29",8,"Dolisp1",1
"145",4,"Dolisp1",1
"67",5,"Dolisp1",1
"150",2,"Dolisp1",1
"H",7,"Dolisp1",1
"H",9,"Dolisp1",1
"H",10,"Dolisp1",1
"26",3,"Dolisp1",1
"26",4,"Dolisp1",1
"26",7,"Dolisp1",1
"26",8,"Dolisp1",1
"26",9,"Dolisp1",1
"155",8,"Dolisp2",1
"131",1,"Dolisp2",1
"42",7,"Dolisp2",1
"42",10,"Dolisp2",1
"62",7,"Dolisp3",1
"61",9,"Dolisp4",1
"150",1,"Dolisp4",1
"153a",2,"Dorysp1",1
"152",7,"Discosp1",1
"150",2,"Discosp1",1
"150",3,"Discosp1",1
"16",1,"Discosp1",1
"H",1,"Discosp1",1
"H",7,"Discosp1",1
"26",3,"Discosp1",1
"42",9,"Ecitsp1",1
"143",1,"Ectatsp1",1
"143",4,"Ectatsp1",1
"143",5,"Ectatsp1",1
"143",6,"Ectatsp1",1
"143",8,"Ectatsp1",1
"143",10,"Ectatsp1",1
"156",9,"Ectatsp1",1
"151",1,"Ectatsp1",1
"151",6,"Ectatsp1",1
"27",4,"Ectatsp1",1
"153",3,"Ectatsp1",1
"153",9,"Ectatsp1",1
"150",10,"Ectatsp1",1
"16",9,"Ectatsp1",1
"H",9,"Ectatsp1",1
"H",10,"Ectatsp1",1
"143",7,"Ectatsp2",1
"156",6,"Ectatsp2",1
"151",10,"Ectatsp2",1
"27",2,"Ectatsp2",1
"27",3,"Ectatsp2",1
"27",7,"Ectatsp2",1
"155",5,"Ectatsp2",1
"29",8,"Ectatsp2",1
"29",10,"Ectatsp2",1
"145",7,"Ectatsp2",1
"153",4,"Ectatsp2",1
"150",3,"Ectatsp2",1
"16",1,"Ectatsp2",1
"16",5,"Ectatsp2",1
"16",6,"Ectatsp2",1
"H",9,"Ectatsp2",1
"27",1,"Ectatsp3",1
"27",4,"Ectatsp3",1
"155",8,"Ectatsp3",1
"61",2,"Ectatsp3",1
"61",10,"Ectatsp3",1
"154",1,"Ectatsp3",1
"154",2,"Ectatsp3",1
"154",3,"Ectatsp3",1
"154",5,"Ectatsp3",1
"154",10,"Ectatsp3",1
"48",5,"Ectatsp3",1
"48",6,"Ectatsp3",1
"150",1,"Ectatsp3",1
"16",4,"Ectatsp3",1
"16",8,"Ectatsp3",1
"16",9,"Ectatsp3",1
"26",9,"Ectatsp3",1
"7",4,"Gnamsp1",1
"7",7,"Gnamsp1",1
"7",8,"Gnamsp1",1
"143",2,"Gnamsp1",1
"143",6,"Gnamsp1",1
"151",2,"Gnamsp1",1
"151",3,"Gnamsp1",1
"151",4,"Gnamsp1",1
"151",5,"Gnamsp1",1
"151",6,"Gnamsp1",1
"151",8,"Gnamsp1",1
"151",9,"Gnamsp1",1
"151",10,"Gnamsp1",1
"27",4,"Gnamsp1",1
"27",8,"Gnamsp1",1
"155",4,"Gnamsp1",1
"155",6,"Gnamsp1",1
"131",3,"Gnamsp1",1
"131",5,"Gnamsp1",1
"131",10,"Gnamsp1",1
"61",1,"Gnamsp1",1
"61",3,"Gnamsp1",1
"61",4,"Gnamsp1",1
"153a",10,"Gnamsp1",1
"94",6,"Gnamsp1",1
"29",3,"Gnamsp1",1
"48",1,"Gnamsp1",1
"48",8,"Gnamsp1",1
"48",10,"Gnamsp1",1
"145",4,"Gnamsp1",1
"145",5,"Gnamsp1",1
"67",1,"Gnamsp1",1
"67",4,"Gnamsp1",1
"67",6,"Gnamsp1",1
"67",7,"Gnamsp1",1
"67",8,"Gnamsp1",1
"153",6,"Gnamsp1",1
"153",9,"Gnamsp1",1
"150",5,"Gnamsp1",1
"114",5,"Gnamsp1",1
"16",1,"Gnamsp1",1
"16",3,"Gnamsp1",1
"16",7,"Gnamsp1",1
"H",1,"Gnamsp1",1
"H",2,"Gnamsp1",1
"H",3,"Gnamsp1",1
"H",5,"Gnamsp1",1
"H",7,"Gnamsp1",1
"26",2,"Gnamsp1",1
"26",5,"Gnamsp1",1
"26",7,"Gnamsp1",1
"7",7,"Gnamsp2",1
"7",8,"Gnamsp2",1
"143",8,"Gnamsp2",1
"143",9,"Gnamsp2",1
"151",3,"Gnamsp2",1
"151",7,"Gnamsp2",1
"62",6,"Gnamsp2",1
"62",7,"Gnamsp2",1
"62",8,"Gnamsp2",1
"131",3,"Gnamsp2",1
"131",6,"Gnamsp2",1
"153a",1,"Gnamsp2",1
"153a",2,"Gnamsp2",1
"153a",3,"Gnamsp2",1
"153a",4,"Gnamsp2",1
"153a",7,"Gnamsp2",1
"153a",8,"Gnamsp2",1
"153a",9,"Gnamsp2",1
"153a",10,"Gnamsp2",1
"152",1,"Gnamsp2",1
"152",4,"Gnamsp2",1
"152",7,"Gnamsp2",1
"152",10,"Gnamsp2",1
"94",1,"Gnamsp2",1
"94",2,"Gnamsp2",1
"94",3,"Gnamsp2",1
"94",5,"Gnamsp2",1
"29",1,"Gnamsp2",1
"42",9,"Gnamsp2",1
"48",8,"Gnamsp2",1
"150",3,"Gnamsp2",1
"150",5,"Gnamsp2",1
"16",1,"Gnamsp2",1
"H",3,"Gnamsp2",1
"7",2,"Gnamsp3",1
"27",7,"Gnamsp3",1
"62",10,"Gnamsp3",1
"152",5,"Gnamsp3",1
"152",9,"Gnamsp3",1
"152",10,"Gnamsp3",1
"94",1,"Gnamsp3",1
"94",2,"Gnamsp3",1
"94",8,"Gnamsp3",1
"94",9,"Gnamsp3",1
"29",5,"Gnamsp3",1
"143",3,"Gnamsp4",1
"151",8,"Gnamsp5",1
"152",3,"Gnamsp5",1
"94",1,"Gnamsp5",1
"94",3,"Gnamsp5",1
"94",4,"Gnamsp5",1
"94",9,"Gnamsp5",1
"145",4,"Gnamsp5",1
"94",9,"Gnamsp6",1
"48",10,"Gnamsp6",1
"29",1,"Gnamps7",1
"48",9,"Gnamsp8",1
"67",7,"Gnamsp9",1
"150",10,"Gnamsp10",1
"H",7,"Gnamsp11",1
"143",7,"Gigasp1",1
"62",6,"Gigasp1",1
"154",8,"Gigasp1",1
"145",7,"Gigasp1",1
"153",1,"Gigasp1",1
"H",2,"Gigasp2",1
"7",5,"Hyposp1",1
"7",9,"Hyposp1",1
"7",10,"Hyposp1",1
"143",2,"Hyposp1",1
"143",3,"Hyposp1",1
"143",4,"Hyposp1",1
"143",5,"Hyposp1",1
"143",7,"Hyposp1",1
"143",9,"Hyposp1",1
"156",3,"Hyposp1",1
"156",4,"Hyposp1",1
"156",7,"Hyposp1",1
"156",8,"Hyposp1",1
"151",1,"Hyposp1",1
"151",2,"Hyposp1",1
"151",6,"Hyposp1",1
"155",2,"Hyposp1",1
"155",5,"Hyposp1",1
"155",7,"Hyposp1",1
"62",1,"Hyposp1",1
"62",4,"Hyposp1",1
"62",5,"Hyposp1",1
"62",7,"Hyposp1",1
"62",9,"Hyposp1",1
"62",10,"Hyposp1",1
"131",2,"Hyposp1",1
"131",5,"Hyposp1",1
"61",1,"Hyposp1",1
"61",9,"Hyposp1",1
"153a",10,"Hyposp1",1
"152",2,"Hyposp1",1
"152",7,"Hyposp1",1
"152",10,"Hyposp1",1
"94",6,"Hyposp1",1
"29",2,"Hyposp1",1
"48",3,"Hyposp1",1
"48",8,"Hyposp1",1
"67",5,"Hyposp1",1
"67",9,"Hyposp1",1
"153",5,"Hyposp1",1
"150",1,"Hyposp1",1
"150",2,"Hyposp1",1
"150",3,"Hyposp1",1
"150",4,"Hyposp1",1
"150",5,"Hyposp1",1
"150",7,"Hyposp1",1
"150",9,"Hyposp1",1
"150",10,"Hyposp1",1
"114",1,"Hyposp1",1
"114",3,"Hyposp1",1
"114",4,"Hyposp1",1
"114",7,"Hyposp1",1
"114",8,"Hyposp1",1
"16",1,"Hyposp1",1
"16",8,"Hyposp1",1
"16",9,"Hyposp1",1
"16",10,"Hyposp1",1
"143",6,"Hyposp2",1
"143",8,"Hyposp2",1
"151",1,"Hyposp2",1
"151",2,"Hyposp2",1
"29",8,"Hyposp2",1
"H",3,"Hyposp2",1
"H",7,"Hyposp2",1
"151",2,"Hyposp3",1
"151",3,"Hyposp3",1
"151",4,"Hyposp3",1
"151",6,"Hyposp3",1
"151",7,"Hyposp3",1
"151",10,"Hyposp3",1
"27",6,"Hyposp3",1
"27",7,"Hyposp3",1
"155",5,"Hyposp3",1
"62",5,"Hyposp3",1
"62",6,"Hyposp3",1
"62",7,"Hyposp3",1
"131",1,"Hyposp3",1
"131",6,"Hyposp3",1
"61",2,"Hyposp3",1
"61",8,"Hyposp3",1
"61",9,"Hyposp3",1
"61",10,"Hyposp3",1
"152",5,"Hyposp3",1
"152",8,"Hyposp3",1
"29",2,"Hyposp3",1
"29",3,"Hyposp3",1
"29",4,"Hyposp3",1
"29",5,"Hyposp3",1
"29",6,"Hyposp3",1
"48",1,"Hyposp3",1
"48",4,"Hyposp3",1
"48",5,"Hyposp3",1
"48",6,"Hyposp3",1
"48",9,"Hyposp3",1
"67",3,"Hyposp3",1
"150",7,"Hyposp3",1
"150",8,"Hyposp3",1
"150",9,"Hyposp3",1
"114",10,"Hyposp3",1
"H",5,"Hyposp3",1
"H",6,"Hyposp3",1
"H",7,"Hyposp3",1
"H",9,"Hyposp3",1
"156",8,"Hyposp4",1
"151",2,"Hyposp4",1
"151",3,"Hyposp4",1
"151",4,"Hyposp4",1
"151",5,"Hyposp4",1
"151",7,"Hyposp4",1
"151",8,"Hyposp4",1
"151",9,"Hyposp4",1
"27",1,"Hyposp4",1
"27",2,"Hyposp4",1
"27",3,"Hyposp4",1
"27",5,"Hyposp4",1
"27",6,"Hyposp4",1
"27",7,"Hyposp4",1
"27",8,"Hyposp4",1
"27",9,"Hyposp4",1
"27",10,"Hyposp4",1
"155",5,"Hyposp4",1
"155",7,"Hyposp4",1
"155",8,"Hyposp4",1
"62",1,"Hyposp4",1
"62",4,"Hyposp4",1
"62",5,"Hyposp4",1
"62",6,"Hyposp4",1
"62",7,"Hyposp4",1
"62",8,"Hyposp4",1
"62",9,"Hyposp4",1
"62",10,"Hyposp4",1
"131",1,"Hyposp4",1
"131",2,"Hyposp4",1
"131",3,"Hyposp4",1
"131",4,"Hyposp4",1
"131",5,"Hyposp4",1
"131",9,"Hyposp4",1
"61",2,"Hyposp4",1
"61",5,"Hyposp4",1
"61",7,"Hyposp4",1
"61",8,"Hyposp4",1
"61",9,"Hyposp4",1
"61",10,"Hyposp4",1
"153a",1,"Hyposp4",1
"153a",2,"Hyposp4",1
"152",2,"Hyposp4",1
"152",7,"Hyposp4",1
"152",8,"Hyposp4",1
"94",2,"Hyposp4",1
"94",3,"Hyposp4",1
"94",6,"Hyposp4",1
"154",7,"Hyposp4",1
"154",8,"Hyposp4",1
"154",9,"Hyposp4",1
"29",1,"Hyposp4",1
"29",2,"Hyposp4",1
"29",4,"Hyposp4",1
"29",7,"Hyposp4",1
"29",9,"Hyposp4",1
"42",8,"Hyposp4",1
"48",1,"Hyposp4",1
"48",2,"Hyposp4",1
"48",4,"Hyposp4",1
"48",5,"Hyposp4",1
"48",7,"Hyposp4",1
"48",8,"Hyposp4",1
"48",10,"Hyposp4",1
"67",1,"Hyposp4",1
"67",2,"Hyposp4",1
"67",4,"Hyposp4",1
"67",5,"Hyposp4",1
"67",7,"Hyposp4",1
"67",8,"Hyposp4",1
"67",10,"Hyposp4",1
"153",1,"Hyposp4",1
"153",2,"Hyposp4",1
"153",6,"Hyposp4",1
"153",8,"Hyposp4",1
"153",10,"Hyposp4",1
"150",2,"Hyposp4",1
"150",3,"Hyposp4",1
"150",4,"Hyposp4",1
"150",5,"Hyposp4",1
"150",6,"Hyposp4",1
"150",7,"Hyposp4",1
"150",8,"Hyposp4",1
"150",9,"Hyposp4",1
"150",10,"Hyposp4",1
"114",1,"Hyposp4",1
"114",2,"Hyposp4",1
"114",4,"Hyposp4",1
"114",5,"Hyposp4",1
"114",7,"Hyposp4",1
"114",9,"Hyposp4",1
"114",10,"Hyposp4",1
"16",1,"Hyposp4",1
"16",2,"Hyposp4",1
"16",3,"Hyposp4",1
"16",4,"Hyposp4",1
"16",6,"Hyposp4",1
"16",8,"Hyposp4",1
"16",9,"Hyposp4",1
"16",10,"Hyposp4",1
"H",1,"Hyposp4",1
"H",2,"Hyposp4",1
"H",3,"Hyposp4",1
"H",5,"Hyposp4",1
"H",6,"Hyposp4",1
"H",10,"Hyposp4",1
"26",1,"Hyposp4",1
"26",6,"Hyposp4",1
"26",7,"Hyposp4",1
"26",8,"Hyposp4",1
"26",9,"Hyposp4",1
"155",2,"Hyposp5",1
"155",3,"Hyposp5",1
"62",1,"Hyposp5",1
"62",2,"Hyposp5",1
"62",3,"Hyposp5",1
"131",9,"Hyposp5",1
"131",10,"Hyposp5",1
"61",6,"Hyposp5",1
"42",4,"Hyposp5",1
"42",7,"Hyposp5",1
"42",8,"Hyposp5",1
"150",9,"Hyposp5",1
"26",2,"Hyposp5",1
"61",1,"Hyposp7",1
"29",6,"Hyposp7",1
"114",1,"Hyposp7",1
"114",9,"Hyposp7",1
"16",9,"Hyposp7",1
"H",3,"Hyposp7",1
"H",5,"Hyposp7",1
"H",7,"Hyposp7",1
"H",9,"Hyposp7",1
"H",10,"Hyposp7",1
"153",9,"Hyposp8",1
"114",6,"Hyposp8",1
"H",3,"Hyposp8",1
"29",9,"Hyposp9",1
"150",4,"Leptsp1",1
"150",5,"Leptsp2",1
"29",1,"Linesp1",1
"153a",2,"Linesp2",1
"7",10,"Nylansp1",1
"143",2,"Nylansp1",1
"143",3,"Nylansp1",1
"143",10,"Nylansp1",1
"156",1,"Nylansp1",1
"156",2,"Nylansp1",1
"156",3,"Nylansp1",1
"156",4,"Nylansp1",1
"156",5,"Nylansp1",1
"156",6,"Nylansp1",1
"156",7,"Nylansp1",1
"156",8,"Nylansp1",1
"156",9,"Nylansp1",1
"156",10,"Nylansp1",1
"151",1,"Nylansp1",1
"151",3,"Nylansp1",1
"151",4,"Nylansp1",1
"151",5,"Nylansp1",1
"151",6,"Nylansp1",1
"151",7,"Nylansp1",1
"151",8,"Nylansp1",1
"151",10,"Nylansp1",1
"27",2,"Nylansp1",1
"27",3,"Nylansp1",1
"27",5,"Nylansp1",1
"27",7,"Nylansp1",1
"155",2,"Nylansp1",1
"155",4,"Nylansp1",1
"155",5,"Nylansp1",1
"155",6,"Nylansp1",1
"62",1,"Nylansp1",1
"62",4,"Nylansp1",1
"62",6,"Nylansp1",1
"62",7,"Nylansp1",1
"62",10,"Nylansp1",1
"131",2,"Nylansp1",1
"131",6,"Nylansp1",1
"131",9,"Nylansp1",1
"61",1,"Nylansp1",1
"61",3,"Nylansp1",1
"61",7,"Nylansp1",1
"61",8,"Nylansp1",1
"61",9,"Nylansp1",1
"152",2,"Nylansp1",1
"152",8,"Nylansp1",1
"152",10,"Nylansp1",1
"94",6,"Nylansp1",1
"94",7,"Nylansp1",1
"94",8,"Nylansp1",1
"154",1,"Nylansp1",1
"154",6,"Nylansp1",1
"29",1,"Nylansp1",1
"29",7,"Nylansp1",1
"29",8,"Nylansp1",1
"29",9,"Nylansp1",1
"42",3,"Nylansp1",1
"42",6,"Nylansp1",1
"48",1,"Nylansp1",1
"48",2,"Nylansp1",1
"48",4,"Nylansp1",1
"48",7,"Nylansp1",1
"48",8,"Nylansp1",1
"48",10,"Nylansp1",1
"145",3,"Nylansp1",1
"145",5,"Nylansp1",1
"67",3,"Nylansp1",1
"150",3,"Nylansp1",1
"150",4,"Nylansp1",1
"150",8,"Nylansp1",1
"114",3,"Nylansp1",1
"114",4,"Nylansp1",1
"114",5,"Nylansp1",1
"114",6,"Nylansp1",1
"114",8,"Nylansp1",1
"114",10,"Nylansp1",1
"16",1,"Nylansp1",1
"16",3,"Nylansp1",1
"16",6,"Nylansp1",1
"16",7,"Nylansp1",1
"16",8,"Nylansp1",1
"16",9,"Nylansp1",1
"16",10,"Nylansp1",1
"H",7,"Nylansp1",1
"H",10,"Nylansp1",1
"26",1,"Nylansp1",1
"26",3,"Nylansp1",1
"26",4,"Nylansp1",1
"26",5,"Nylansp1",1
"26",6,"Nylansp1",1
"26",7,"Nylansp1",1
"143",4,"Nylansp2",1
"27",1,"Nylansp2",1
"27",3,"Nylansp2",1
"27",7,"Nylansp2",1
"27",8,"Nylansp2",1
"61",1,"Nylansp2",1
"61",2,"Nylansp2",1
"152",7,"Nylansp2",1
"154",6,"Nylansp2",1
"150",4,"Nylansp2",1
"114",10,"Nylansp2",1
"16",3,"Nylansp2",1
"H",3,"Nylansp2",1
"26",3,"Nylansp2",1
"26",5,"Nylansp2",1
"26",10,"Nylansp2",1
"62",1,"Nylansp3",1
"62",2,"Nylansp3",1
"61",4,"Nylansp3",1
"150",9,"Nylansp3",1
"26",8,"Nylansp3",1
"131",4,"Nylansp4",1
"131",8,"Nylansp4",1
"152",4,"Nylansp4",1
"152",7,"Neivasp1",1
"7",9,"Odonsp1",1
"94",1,"Odonsp1",1
"143",1,"Odonsp2",1
"143",3,"Odonsp2",1
"143",5,"Odonsp2",1
"143",7,"Odonsp2",1
"143",8,"Odonsp2",1
"156",2,"Odonsp2",1
"156",3,"Odonsp2",1
"156",4,"Odonsp2",1
"156",5,"Odonsp2",1
"156",6,"Odonsp2",1
"156",7,"Odonsp2",1
"156",9,"Odonsp2",1
"156",10,"Odonsp2",1
"155",1,"Odonsp2",1
"62",6,"Odonsp2",1
"61",8,"Odonsp2",1
"152",1,"Odonsp2",1
"152",2,"Odonsp2",1
"152",10,"Odonsp2",1
"154",1,"Odonsp2",1
"154",6,"Odonsp2",1
"154",7,"Odonsp2",1
"42",5,"Odonsp2",1
"42",9,"Odonsp2",1
"42",10,"Odonsp2",1
"48",1,"Odonsp2",1
"48",3,"Odonsp2",1
"48",4,"Odonsp2",1
"48",7,"Odonsp2",1
"48",9,"Odonsp2",1
"145",4,"Odonsp2",1
"67",1,"Odonsp2",1
"16",2,"Odonsp2",1
"16",5,"Odonsp2",1
"16",9,"Odonsp2",1
"H",5,"Odonsp2",1
"26",2,"Odonsp2",1
"26",4,"Odonsp2",1
"27",7,"Odonsp3",1
"62",6,"Odonsp4",1
"62",7,"Odonsp4",1
"131",6,"Odonsp4",1
"156",4,"Odonsp5",1
"156",6,"Odonsp5",1
"62",2,"Odonsp5",1
"62",3,"Odonsp5",1
"62",4,"Odonsp5",1
"29",1,"Odonsp5",1
"48",6,"Odonsp5",1
"48",8,"Odonsp5",1
"67",8,"Odonsp5",1
"150",3,"Odonsp5",1
"150",4,"Odonsp5",1
"150",5,"Odonsp5",1
"150",6,"Odonsp5",1
"16",1,"Odonsp5",1
"16",2,"Odonsp5",1
"16",6,"Odonsp5",1
"H",3,"Odonsp5",1
"H",7,"Odonsp5",1
"H",9,"Odonsp5",1
"26",8,"Odonsp5",1
"62",5,"Odonsp6",1
"16",3,"Odonsp6",1
"H",2,"Odonsp6",1
"7",5,"Pachsp1",1
"151",1,"Pachsp1",1
"151",2,"Pachsp1",1
"151",3,"Pachsp1",1
"151",4,"Pachsp1",1
"151",5,"Pachsp1",1
"151",7,"Pachsp1",1
"151",10,"Pachsp1",1
"155",6,"Pachsp1",1
"155",8,"Pachsp1",1
"131",4,"Pachsp1",1
"153a",7,"Pachsp1",1
"154",5,"Pachsp1",1
"154",7,"Pachsp1",1
"145",2,"Pachsp1",1
"145",10,"Pachsp1",1
"67",4,"Pachsp1",1
"67",6,"Pachsp1",1
"H",1,"Pachsp1",1
"H",2,"Pachsp1",1
"H",4,"Pachsp1",1
"7",4,"Pachsp2",1
"7",9,"Pachsp2",1
"143",3,"Pachsp2",1
"143",4,"Pachsp2",1
"143",5,"Pachsp2",1
"143",6,"Pachsp2",1
"143",7,"Pachsp2",1
"143",9,"Pachsp2",1
"143",10,"Pachsp2",1
"156",2,"Pachsp2",1
"156",6,"Pachsp2",1
"156",8,"Pachsp2",1
"151",1,"Pachsp2",1
"151",2,"Pachsp2",1
"151",9,"Pachsp2",1
"151",10,"Pachsp2",1
"27",4,"Pachsp2",1
"27",5,"Pachsp2",1
"27",8,"Pachsp2",1
"27",9,"Pachsp2",1
"155",1,"Pachsp2",1
"155",6,"Pachsp2",1
"155",10,"Pachsp2",1
"62",1,"Pachsp2",1
"62",3,"Pachsp2",1
"62",8,"Pachsp2",1
"131",8,"Pachsp2",1
"61",2,"Pachsp2",1
"61",10,"Pachsp2",1
"153a",1,"Pachsp2",1
"153a",3,"Pachsp2",1
"152",9,"Pachsp2",1
"152",10,"Pachsp2",1
"94",1,"Pachsp2",1
"154",4,"Pachsp2",1
"154",6,"Pachsp2",1
"154",7,"Pachsp2",1
"154",8,"Pachsp2",1
"29",2,"Pachsp2",1
"29",6,"Pachsp2",1
"42",4,"Pachsp2",1
"48",4,"Pachsp2",1
"48",7,"Pachsp2",1
"48",8,"Pachsp2",1
"48",9,"Pachsp2",1
"48",10,"Pachsp2",1
"145",3,"Pachsp2",1
"67",1,"Pachsp2",1
"67",2,"Pachsp2",1
"67",5,"Pachsp2",1
"67",7,"Pachsp2",1
"153",5,"Pachsp2",1
"150",1,"Pachsp2",1
"150",2,"Pachsp2",1
"150",3,"Pachsp2",1
"150",8,"Pachsp2",1
"150",9,"Pachsp2",1
"16",1,"Pachsp2",1
"16",2,"Pachsp2",1
"16",5,"Pachsp2",1
"16",6,"Pachsp2",1
"16",7,"Pachsp2",1
"16",9,"Pachsp2",1
"16",10,"Pachsp2",1
"H",5,"Pachsp2",1
"26",3,"Pachsp2",1
"26",4,"Pachsp2",1
"26",5,"Pachsp2",1
"26",6,"Pachsp2",1
"26",8,"Pachsp2",1
"26",10,"Pachsp2",1
"7",1,"Pachsp3",1
"151",8,"Pachsp3",1
"151",9,"Pachsp3",1
"27",9,"Pachsp3",1
"155",2,"Pachsp3",1
"155",7,"Pachsp3",1
"131",1,"Pachsp3",1
"131",2,"Pachsp3",1
"131",3,"Pachsp3",1
"131",6,"Pachsp3",1
"131",8,"Pachsp3",1
"131",9,"Pachsp3",1
"131",10,"Pachsp3",1
"61",1,"Pachsp3",1
"61",2,"Pachsp3",1
"152",3,"Pachsp3",1
"152",5,"Pachsp3",1
"29",4,"Pachsp3",1
"29",5,"Pachsp3",1
"29",7,"Pachsp3",1
"42",1,"Pachsp3",1
"145",6,"Pachsp3",1
"145",8,"Pachsp3",1
"145",10,"Pachsp3",1
"67",1,"Pachsp3",1
"67",6,"Pachsp3",1
"67",7,"Pachsp3",1
"150",6,"Pachsp3",1
"114",1,"Pachsp3",1
"16",7,"Pachsp3",1
"16",8,"Pachsp3",1
"H",1,"Pachsp3",1
"H",2,"Pachsp3",1
"26",5,"Pachsp3",1
"26",6,"Pachsp3",1
"26",7,"Pachsp3",1
"143",8,"Pachsp4",1
"151",6,"Pachsp4",1
"153a",6,"Pachsp4",1
"154",1,"Pachsp4",1
"154",5,"Pachsp4",1
"145",8,"Pachsp4",1
"143",4,"Pachsp5",1
"143",6,"Pachsp5",1
"143",7,"Pachsp5",1
"156",6,"Pachsp6",1
"151",4,"Pachsp6",1
"27",9,"Pachsp6",1
"131",4,"Pachsp6",1
"131",5,"Pachsp6",1
"153a",10,"Pachsp6",1
"152",9,"Pachsp6",1
"154",1,"Pachsp6",1
"145",9,"Pachsp6",1
"67",1,"Pachsp6",1
"153",2,"Pachsp6",1
"26",7,"Pachsp6",1
"27",5,"Pachsp7",1
"131",8,"Pachsp7",1
"150",3,"Pachsp7",1
"16",2,"Pachsp7",1
"26",9,"Pachsp7",1
"27",3,"Pachstigma",1
"27",5,"Pachstigma",1
"155",7,"Pachstigma",1
"16",2,"Pachstigma",1
"150",3,"Platysp1",1
"150",4,"Platysp1",1
"151",4,"P.clavata",1
"7",3,"Prioantilliana",1
"7",8,"Prioantilliana",1
"143",3,"Prioantilliana",1
"143",5,"Prioantilliana",1
"143",7,"Prioantilliana",1
"62",5,"Prioantilliana",1
"62",6,"Prioantilliana",1
"62",10,"Prioantilliana",1
"61",9,"Prioantilliana",1
"94",1,"Prioantilliana",1
"94",7,"Prioantilliana",1
"94",9,"Prioantilliana",1
"48",4,"Prioantilliana",1
"145",4,"Prioantilliana",1
"145",5,"Prioantilliana",1
"145",6,"Prioantilliana",1
"153",1,"Prioantilliana",1
"153",2,"Prioantilliana",1
"153",6,"Prioantilliana",1
"114",1,"Prioantilliana",1
"143",3,"Probolomyrmexbrujitae",1
"152",5,"Procesp1",1
"152",6,"Procesp1",1
"7",9,"Pseudsp1",1
"151",2,"Pseudsp4",1
"27",5,"Pseudsp4",1
"153a",6,"Pseudsp4",1
"154",6,"Pseudsp4",1
"154",8,"Pseudsp4",1
"42",10,"Pseudsp4",1
"48",4,"Pseudsp4",1
"62",2,"Pseudsp5",1
"48",5,"Pseudsp5",1
"62",6,"T.melano",1
"48",8,"T.melano",1
"150",3,"T.melano",1
"16",8,"Acanthsp1",1
"156",1,"Acromsp1",1
"156",2,"Acromsp1",1
"62",1,"Acromsp1",1
"62",9,"Acromsp1",1
"145",2,"Acromsp1",1
"145",3,"Acromsp1",1
"151",2,"Aptsp1",1
"151",3,"Aptsp1",1
"151",4,"Aptsp1",1
"151",5,"Aptsp1",1
"151",6,"Aptsp1",1
"151",7,"Aptsp1",1
"151",8,"Aptsp1",1
"151",9,"Aptsp1",1
"151",10,"Aptsp1",1
"27",3,"Aptsp1",1
"155",2,"Aptsp1",1
"131",5,"Aptsp1",1
"131",10,"Aptsp1",1
"61",1,"Aptsp1",1
"61",2,"Aptsp1",1
"61",5,"Aptsp1",1
"61",8,"Aptsp1",1
"61",10,"Aptsp1",1
"153a",10,"Aptsp1",1
"152",10,"Aptsp1",1
"94",2,"Aptsp1",1
"94",6,"Aptsp1",1
"94",7,"Aptsp1",1
"94",8,"Aptsp1",1
"94",9,"Aptsp1",1
"94",10,"Aptsp1",1
"29",2,"Aptsp1",1
"29",3,"Aptsp1",1
"29",4,"Aptsp1",1
"48",1,"Aptsp1",1
"145",8,"Aptsp1",1
"67",1,"Aptsp1",1
"67",6,"Aptsp1",1
"114",1,"Aptsp1",1
"16",8,"Aptsp1",1
"16",10,"Aptsp1",1
"H",1,"Aptsp1",1
"26",3,"Aptsp1",1
"26",6,"Aptsp1",1
"26",8,"Aptsp1",1
"27",1,"Aptsp2",1
"150",7,"Aptsp2",1
"131",2,"Aptsp3",1
"61",9,"Aptsp4",1
"94",10,"Aptsp5",1
"61",1,"Attasp1",1
"42",10,"Attasp1",1
"153",3,"Attasp2",1
"27",3,"Basisp1",1
"114",3,"Basisp1",1
"H",9,"Basisp1",1
"7",1,"Carebsp1",1
"7",5,"Carebsp1",1
"7",9,"Carebsp1",1
"143",7,"Carebsp1",1
"151",2,"Carebsp1",1
"27",8,"Carebsp1",1
"155",4,"Carebsp1",1
"61",2,"Carebsp1",1
"61",10,"Carebsp1",1
"29",1,"Carebsp1",1
"29",6,"Carebsp1",1
"145",3,"Carebsp1",1
"67",6,"Carebsp1",1
"153",4,"Carebsp1",1
"153",5,"Carebsp1",1
"153",8,"Carebsp1",1
"150",1,"Carebsp1",1
"H",3,"Carebsp1",1
"H",9,"Carebsp1",1
"26",3,"Carebsp1",1
"26",9,"Carebsp1",1
"26",10,"Carebsp1",1
"145",6,"Carebsp2",1
"26",6,"Catratus",1
"153a",1,"Cpellans",1
"114",4,"Cpellans",1
"152",3,"Cpusillus",1
"152",4,"Cpusillus",1
"152",7,"Cephsp1",1
"7",1,"Cyphosp1",1
"7",3,"Cyphosp1",1
"7",7,"Cyphosp1",1
"7",8,"Cyphosp1",1
"27",6,"Cyphosp1",1
"61",7,"Cyphosp1",1
"152",10,"Cyphosp1",1
"29",4,"Cyphosp1",1
"48",10,"Cyphosp1",1
"145",4,"Cyphosp1",1
"150",3,"Cyphosp1",1
"150",8,"Cyphosp1",1
"150",9,"Cyphosp1",1
"H",7,"Cyphosp1",1
"143",1,"Cyphosp2",1
"143",2,"Cyphosp2",1
"143",3,"Cyphosp2",1
"143",5,"Cyphosp2",1
"143",6,"Cyphosp2",1
"143",7,"Cyphosp2",1
"143",8,"Cyphosp2",1
"151",3,"Cyphosp2",1
"151",4,"Cyphosp2",1
"151",7,"Cyphosp2",1
"151",9,"Cyphosp2",1
"27",7,"Cyphosp2",1
"27",10,"Cyphosp2",1
"155",7,"Cyphosp2",1
"155",8,"Cyphosp2",1
"62",2,"Cyphosp2",1
"62",4,"Cyphosp2",1
"62",6,"Cyphosp2",1
"62",7,"Cyphosp2",1
"62",9,"Cyphosp2",1
"131",5,"Cyphosp2",1
"131",6,"Cyphosp2",1
"61",3,"Cyphosp2",1
"61",4,"Cyphosp2",1
"61",5,"Cyphosp2",1
"61",6,"Cyphosp2",1
"61",7,"Cyphosp2",1
"61",9,"Cyphosp2",1
"94",2,"Cyphosp2",1
"94",6,"Cyphosp2",1
"29",4,"Cyphosp2",1
"29",6,"Cyphosp2",1
"42",1,"Cyphosp2",1
"48",4,"Cyphosp2",1
"153",10,"Cyphosp2",1
"150",1,"Cyphosp2",1
"150",2,"Cyphosp2",1
"H",3,"Cyphosp2",1
"H",4,"Cyphosp2",1
"27",7,"Cyphosp3",1
"61",10,"Cyphosp4",1
"152",7,"Cyphosp4",1
"154",10,"Cyphosp4",1
"29",9,"Cyphosp4",1
"42",8,"Cyphosp4",1
"48",1,"Cyphosp4",1
"67",7,"Cyphosp4",1
"150",3,"Cyphosp4",1
"150",5,"Cyphosp4",1
"150",9,"Cyphosp4",1
"150",10,"Cyphosp4",1
"114",7,"Cyphosp4",1
"61",9,"Cyphosp5",1
"153a",1,"Cyphosp5",1
"152",1,"Cyphosp5",1
"94",2,"Cyphosp5",1
"94",3,"Cyphosp5",1
"94",7,"Cyphosp5",1
"154",7,"Cyphosp5",1
"153",7,"Cyphosp5",1
"16",3,"Cyphosp5",1
"H",1,"Cyphosp5",1
"29",6,"Cyphosp6",1
"48",5,"Cyphosp7",1
"48",6,"Cyphosp7",1
"67",7,"Cyphosp7",1
"114",1,"Cyphosp7",1
"H",1,"Cyphosp8",1
"153a",6,"Glamysp1",1
"H",7,"Glamysp1",1
"48",1,"Gymnosp1",1
"48",2,"Gymnosp1",1
"7",2,"Hylosp1",1
"151",6,"Hylosp1",1
"151",7,"Hylosp1",1
"27",7,"Hylosp1",1
"155",9,"Hylosp1",1
"62",1,"Hylosp1",1
"61",7,"Hylosp1",1
"153a",3,"Hylosp1",1
"152",2,"Hylosp1",1
"152",5,"Hylosp1",1
"94",9,"Hylosp1",1
"67",4,"Hylosp1",1
"67",8,"Hylosp1",1
"150",5,"Hylosp1",1
"150",8,"Hylosp1",1
"H",1,"Hylosp1",1
"26",6,"Hylosp1",1
"156",6,"Hylosp2",1
"156",7,"Hylosp2",1
"156",9,"Hylosp2",1
"155",7,"Hylosp2",1
"62",4,"Hylosp2",1
"62",6,"Hylosp2",1
"62",7,"Hylosp2",1
"94",3,"Hylosp3",1
"94",10,"Hylosp3",1
"42",7,"Hylosp3",1
"27",5,"Hylosp4",1
"155",2,"Hylosp4",1
"61",8,"Hylosp4",1
"152",7,"Hylosp4",1
"152",10,"Hylosp4",1
"H",1,"Hylosp4",1
"H",4,"Hylosp4",1
"150",2,"Lachsp1",1
"150",8,"Lachsp1",1
"155",3,"Megasp1",1
"155",4,"Megasp1",1
"155",7,"Megasp1",1
"155",9,"Megasp1",1
"131",5,"Megasp1",1
"151",9,"Megasp2",1
"61",3,"Megasp2",1
"94",6,"Megasp2",1
"154",2,"Megasp2",1
"154",3,"Megasp2",1
"154",10,"Megasp2",1
"67",2,"Megasp2",1
"94",2,"Megasp3",1
"29",3,"Megasp3",1
"94",10,"Megasp4",1
"154",7,"Megasp5",1
"29",2,"Megasp5",1
"48",6,"Megasp5",1
"145",9,"Megasp5",1
"67",5,"Megasp5",1
"150",2,"Megasp5",1
"150",10,"Megasp5",1
"7",4,"Megasilv",1
"7",9,"Megasilv",1
"143",6,"Megasilv",1
"143",7,"Megasilv",1
"151",7,"Megasilv",1
"48",1,"Megasilv",1
"153a",4,"Mgoeldii",1
"42",1,"Mgoeldii",1
"42",4,"Mgoeldii",1
"42",10,"Mgoeldii",1
"153",5,"Mgoeldii",1
"153",7,"Mgoeldii",1
"150",7,"Mgoeldii",1
"H",6,"Micosp2",1
"7",8,"Monosp1",1
"27",2,"Monosp1",1
"48",3,"Monosp1",1
"150",10,"Monosp1",1
"150",4,"Nesosp1",1
"7",8,"Ochesp1",1
"7",10,"Ochesp1",1
"143",2,"Ochesp1",1
"143",4,"Ochesp1",1
"143",7,"Ochesp1",1
"143",9,"Ochesp1",1
"156",1,"Ochesp1",1
"156",2,"Ochesp1",1
"156",6,"Ochesp1",1
"156",9,"Ochesp1",1
"155",5,"Ochesp1",1
"62",4,"Ochesp1",1
"62",8,"Ochesp1",1
"62",10,"Ochesp1",1
"131",8,"Ochesp1",1
"152",8,"Ochesp1",1
"152",10,"Ochesp1",1
"94",2,"Ochesp1",1
"94",3,"Ochesp1",1
"94",5,"Ochesp1",1
"154",1,"Ochesp1",1
"154",5,"Ochesp1",1
"154",7,"Ochesp1",1
"154",9,"Ochesp1",1
"154",10,"Ochesp1",1
"29",7,"Ochesp1",1
"42",3,"Ochesp1",1
"42",7,"Ochesp1",1
"48",4,"Ochesp1",1
"48",5,"Ochesp1",1
"145",2,"Ochesp1",1
"145",3,"Ochesp1",1
"145",6,"Ochesp1",1
"145",7,"Ochesp1",1
"145",10,"Ochesp1",1
"67",1,"Ochesp1",1
"67",2,"Ochesp1",1
"67",5,"Ochesp1",1
"67",8,"Ochesp1",1
"67",10,"Ochesp1",1
"153",4,"Ochesp1",1
"153",10,"Ochesp1",1
"114",8,"Ochesp1",1
"16",10,"Ochesp1",1
"H",5,"Ochesp1",1
"H",6,"Ochesp1",1
"7",2,"Ochesp2",1
"7",7,"Ochesp2",1
"27",4,"Ochesp2",1
"27",8,"Ochesp2",1
"27",9,"Ochesp2",1
"61",6,"Ochesp2",1
"153a",7,"Ochesp2",1
"153a",8,"Ochesp2",1
"153a",9,"Ochesp2",1
"153a",10,"Ochesp2",1
"48",1,"Ochesp2",1
"150",3,"Ochesp2",1
"150",6,"Ochesp2",1
"114",3,"Ochesp2",1
"114",4,"Ochesp2",1
"26",10,"Ochesp2",1
"151",3,"Octosp1",1
"151",7,"Octosp1",1
"151",10,"Octosp1",1
"27",2,"Octosp1",1
"27",5,"Octosp1",1
"27",7,"Octosp1",1
"62",1,"Octosp1",1
"62",2,"Octosp1",1
"62",3,"Octosp1",1
"62",5,"Octosp1",1
"62",7,"Octosp1",1
"62",8,"Octosp1",1
"62",9,"Octosp1",1
"62",10,"Octosp1",1
"61",10,"Octosp1",1
"152",2,"Octosp1",1
"152",3,"Octosp1",1
"152",4,"Octosp1",1
"152",7,"Octosp1",1
"152",9,"Octosp1",1
"152",10,"Octosp1",1
"94",2,"Octosp1",1
"94",9,"Octosp1",1
"29",1,"Octosp1",1
"48",7,"Octosp1",1
"145",8,"Octosp1",1
"150",2,"Octosp1",1
"150",4,"Octosp1",1
"150",5,"Octosp1",1
"150",7,"Octosp1",1
"150",8,"Octosp1",1
"150",9,"Octosp1",1
"150",10,"Octosp1",1
"114",5,"Octosp1",1
"16",4,"Octosp1",1
"16",8,"Octosp1",1
"H",1,"Octosp1",1
"94",7,"Octosp2",1
"153",7,"Octosp2",1
"16",8,"Octosp2",1
"62",2,"Pyrsp1",1
"153",4,"Pyrsp1",1
"150",1,"Pyrsp1",1
"61",3,"Pyrsp2",1
"61",7,"Pyrsp2",1
"61",8,"Pyrsp2",1
"150",4,"Pyrsp2",1
"29",6,"Pyrsp3",1
"153",2,"Pyrsp4",1
"143",2,"Rogsp1",1
"143",3,"Rogsp1",1
"143",5,"Rogsp1",1
"156",5,"Rogsp1",1
"62",4,"Rogsp1",1
"131",5,"Rogsp1",1
"131",6,"Rogsp1",1
"61",2,"Rogsp1",1
"61",3,"Rogsp1",1
"152",7,"Rogsp1",1
"94",2,"Rogsp1",1
"94",9,"Rogsp1",1
"42",7,"Rogsp1",1
"48",10,"Rogsp1",1
"67",1,"Rogsp1",1
"153",5,"Rogsp1",1
"150",6,"Rogsp1",1
"150",7,"Rogsp1",1
"114",4,"Rogsp1",1
"26",3,"Rogsp1",1
"26",4,"Rogsp1",1
"26",9,"Rogsp1",1
"151",2,"Rogsp2",1
"27",2,"Rogsp2",1
"155",2,"Rogsp2",1
"62",5,"Rogsp2",1
"131",10,"Rogsp2",1
"131",10,"Rogsp3",1
"150",10,"Rogsp3",1
"114",3,"Rogsp3",1
"152",2,"Rogsp5",1
"152",4,"Rogsp5",1
"131",8,"Rogsp6",1
"94",2,"Rogsp6",1
"94",7,"Rogsp6",1
"94",9,"Rogsp6",1
"48",5,"Rogsp6",1
"150",7,"Rogsp6",1
"114",1,"Rogsp6",1
"26",3,"Rogsp6",1
"94",9,"Rogesp7",1
"7",1,"Sericsp1",1
"7",2,"Sericsp1",1
"7",7,"Sericsp1",1
"143",6,"Sericsp1",1
"143",9,"Sericsp1",1
"156",2,"Sericsp1",1
"151",2,"Sericsp1",1
"27",7,"Sericsp1",1
"155",8,"Sericsp1",1
"61",3,"Sericsp1",1
"61",4,"Sericsp1",1
"61",10,"Sericsp1",1
"42",2,"Sericsp1",1
"67",3,"Sericsp1",1
"67",9,"Sericsp1",1
"16",7,"Sericsp1",1
"27",1,"Sericsp2",1
"154",2,"Sericsp2",1
"154",3,"Sericsp2",1
"154",4,"Sericsp2",1
"154",5,"Sericsp2",1
"154",8,"Sericsp2",1
"154",9,"Sericsp2",1
"153",5,"Sericsp2",1
"153",6,"Sericsp2",1
"153",7,"Sericsp2",1
"153",8,"Sericsp2",1
"H",3,"Sericsp2",1
"H",6,"Sericsp2",1
"27",10,"Sericsp3",1
"153a",1,"Sericsp4",1
"153a",3,"Sericsp4",1
"153a",6,"Sericsp4",1
"114",4,"Sericsp4",1
"114",10,"Sericsp4",1
"16",8,"Sericsp5",1
"16",10,"Sericsp5",1
"7",1,"Strusp1",1
"143",2,"Strusp1",1
"143",3,"Strusp1",1
"143",4,"Strusp1",1
"143",6,"Strusp1",1
"143",8,"Strusp1",1
"143",9,"Strusp1",1
"156",5,"Strusp1",1
"156",7,"Strusp1",1
"151",1,"Strusp1",1
"151",2,"Strusp1",1
"151",3,"Strusp1",1
"151",4,"Strusp1",1
"151",5,"Strusp1",1
"151",6,"Strusp1",1
"151",7,"Strusp1",1
"151",8,"Strusp1",1
"151",9,"Strusp1",1
"27",2,"Strusp1",1
"27",3,"Strusp1",1
"155",2,"Strusp1",1
"155",7,"Strusp1",1
"62",1,"Strusp1",1
"62",2,"Strusp1",1
"62",3,"Strusp1",1
"62",5,"Strusp1",1
"62",7,"Strusp1",1
"62",8,"Strusp1",1
"62",9,"Strusp1",1
"131",1,"Strusp1",1
"131",2,"Strusp1",1
"131",4,"Strusp1",1
"131",5,"Strusp1",1
"131",6,"Strusp1",1
"61",1,"Strusp1",1
"61",2,"Strusp1",1
"61",3,"Strusp1",1
"61",5,"Strusp1",1
"61",6,"Strusp1",1
"61",7,"Strusp1",1
"61",8,"Strusp1",1
"61",9,"Strusp1",1
"61",10,"Strusp1",1
"153a",4,"Strusp1",1
"152",5,"Strusp1",1
"152",7,"Strusp1",1
"152",9,"Strusp1",1
"152",10,"Strusp1",1
"94",5,"Strusp1",1
"94",6,"Strusp1",1
"94",7,"Strusp1",1
"94",9,"Strusp1",1
"154",6,"Strusp1",1
"29",1,"Strusp1",1
"29",2,"Strusp1",1
"29",4,"Strusp1",1
"29",5,"Strusp1",1
"29",6,"Strusp1",1
"48",4,"Strusp1",1
"145",3,"Strusp1",1
"145",4,"Strusp1",1
"145",8,"Strusp1",1
"67",1,"Strusp1",1
"67",2,"Strusp1",1
"67",5,"Strusp1",1
"67",7,"Strusp1",1
"67",8,"Strusp1",1
"153",1,"Strusp1",1
"153",2,"Strusp1",1
"153",4,"Strusp1",1
"153",6,"Strusp1",1
"153",8,"Strusp1",1
"153",10,"Strusp1",1
"150",1,"Strusp1",1
"150",2,"Strusp1",1
"150",3,"Strusp1",1
"150",7,"Strusp1",1
"150",8,"Strusp1",1
"150",9,"Strusp1",1
"150",10,"Strusp1",1
"114",1,"Strusp1",1
"114",4,"Strusp1",1
"114",7,"Strusp1",1
"114",8,"Strusp1",1
"114",9,"Strusp1",1
"16",1,"Strusp1",1
"16",3,"Strusp1",1
"16",9,"Strusp1",1
"16",10,"Strusp1",1
"H",1,"Strusp1",1
"H",3,"Strusp1",1
"H",4,"Strusp1",1
"H",5,"Strusp1",1
"H",7,"Strusp1",1
"26",1,"Strusp1",1
"26",3,"Strusp1",1
"26",4,"Strusp1",1
"26",5,"Strusp1",1
"26",6,"Strusp1",1
"26",7,"Strusp1",1
"26",8,"Strusp1",1
"7",3,"Strusp2",1
"7",7,"Strusp2",1
"143",7,"Strusp2",1
"27",2,"Strusp2",1
"27",7,"Strusp2",1
"62",2,"Strusp2",1
"62",3,"Strusp2",1
"62",5,"Strusp2",1
"62",6,"Strusp2",1
"62",7,"Strusp2",1
"153a",4,"Strusp2",1
"153a",6,"Strusp2",1
"153",2,"Strusp2",1
"143",4,"Strusp3",1
"61",1,"Strusp3",1
"61",2,"Strusp3",1
"29",2,"Strusp3",1
"29",3,"Strusp3",1
"42",7,"Strusp3",1
"26",4,"Strusp3",1
"26",5,"Strusp3",1
"143",5,"Strusp4",1
"94",2,"Strusp4",1
"94",3,"Strusp4",1
"94",4,"Strusp4",1
"H",6,"Strusp4",1
"143",8,"Strusp5",1
"62",9,"Strusp5",1
"131",3,"Strusp5",1
"29",6,"Strusp5",1
"48",4,"Strusp5",1
"48",5,"Strusp5",1
"48",6,"Strusp5",1
"150",9,"Strusp5",1
"114",5,"Strusp5",1
"151",2,"Strusp6",1
"94",9,"Strusp6",1
"16",10,"Strusp6",1
"27",5,"Strusp7",1
"61",1,"Strusp7",1
"61",9,"Strusp7",1
"67",7,"Strusp7",1
"150",8,"Strusp7",1
"150",10,"Strusp7",1
"H",2,"Strusp7",1
"H",3,"Strusp7",1
"H",5,"Strusp7",1
"67",1,"Strusp8",1
"150",3,"Strusp8",1
"150",4,"Strusp8",1
"150",9,"Strusp8",1
"150",10,"Strusp8",1
"114",1,"Strusp8",1
"16",1,"Strusp8",1
"16",2,"Strusp8",1
"16",7,"Strusp8",1
"H",3,"Strusp8",1
"H",5,"Strusp8",1
"26",9,"Strusp8",1
"27",7,"Trachsp1",1
"7",3,"Myrmisp1",1
"143",5,"Myrmisp1",1
"154",2,"Myrmisp1",1
"154",5,"Myrmisp1",1
"154",7,"Myrmisp1",1
"154",8,"Myrmisp1",1
"154",9,"Myrmisp1",1
"153",6,"Myrmisp1",1
"H",1,"Myrmisp1",1
"156",6,"Trachsp3",1
"151",1,"Trachsp3",1
"62",3,"Trachsp3",1
"61",4,"Trachsp3",1
"61",8,"Trachsp3",1
"61",10,"Trachsp3",1
"48",7,"Trachsp3",1
"48",9,"Trachsp3",1
"67",1,"Trachsp3",1
"67",8,"Trachsp3",1
"150",1,"Trachsp3",1
"114",2,"Trachsp3",1
"114",9,"Trachsp3",1
"16",4,"Trachsp3",1
"H",6,"Trachsp3",1
"H",7,"Trachsp3",1
"27",9,"Trachsp4",1
"155",2,"Trachsp4",1
"62",3,"Trachsp4",1
"62",7,"Trachsp4",1
"61",8,"Trachsp4",1
"153a",10,"Trachsp4",1
"29",1,"Trachsp4",1
"67",10,"Trachsp4",1
"114",5,"Trachsp4",1
"16",5,"Trachsp5",1
"26",3,"Trachsp5",1
"16",6,"Trachsp6",1
"29",7,"Tingisp1",1
"7",5,"W.auro",1
"7",9,"W.auro",1
"143",3,"W.auro",1
"143",9,"W.auro",1
"143",10,"W.auro",1
"156",1,"W.auro",1
"156",2,"W.auro",1
"156",5,"W.auro",1
"156",6,"W.auro",1
"156",7,"W.auro",1
"156",9,"W.auro",1
"151",1,"W.auro",1
"151",6,"W.auro",1
"27",1,"W.auro",1
"27",9,"W.auro",1
"155",8,"W.auro",1
"62",1,"W.auro",1
"62",2,"W.auro",1
"62",5,"W.auro",1
"62",6,"W.auro",1
"62",7,"W.auro",1
"131",2,"W.auro",1
"61",2,"W.auro",1
"61",10,"W.auro",1
"153a",2,"W.auro",1
"152",9,"W.auro",1
"152",10,"W.auro",1
"94",8,"W.auro",1
"94",9,"W.auro",1
"154",1,"W.auro",1
"154",6,"W.auro",1
"154",10,"W.auro",1
"29",1,"W.auro",1
"29",2,"W.auro",1
"29",3,"W.auro",1
"29",4,"W.auro",1
"29",6,"W.auro",1
"29",9,"W.auro",1
"42",2,"W.auro",1
"42",4,"W.auro",1
"42",5,"W.auro",1
"42",7,"W.auro",1
"42",8,"W.auro",1
"48",3,"W.auro",1
"48",5,"W.auro",1
"48",6,"W.auro",1
"48",7,"W.auro",1
"48",8,"W.auro",1
"48",10,"W.auro",1
"67",2,"W.auro",1
"67",3,"W.auro",1
"67",9,"W.auro",1
"67",10,"W.auro",1
"153",1,"W.auro",1
"153",3,"W.auro",1
"153",4,"W.auro",1
"153",5,"W.auro",1
"153",6,"W.auro",1
"150",1,"W.auro",1
"150",3,"W.auro",1
"150",5,"W.auro",1
"150",9,"W.auro",1
"150",10,"W.auro",1
"114",10,"W.auro",1
"16",1,"W.auro",1
"16",3,"W.auro",1
"16",9,"W.auro",1
"16",10,"W.auro",1
"H",4,"W.auro",1
"H",5,"W.auro",1
"26",6,"W.auro",1
"26",9,"W.auro",1
"61",1,"Myrmicinaesp1",1
"7",2,"Cremsp1",1
"7",3,"Cremsp1",1
"143",9,"Cremsp1",1
"156",5,"Cremsp1",1
"42",1,"Cremsp1",1
"145",3,"Cremsp1",1
"143",1,"Cremsp2",1
"143",2,"Cremsp2",1
"143",6,"Cremsp2",1
"156",1,"Cremsp2",1
"156",3,"Cremsp2",1
"156",4,"Cremsp2",1
"156",8,"Cremsp2",1
"156",9,"Cremsp2",1
"156",10,"Cremsp2",1
"151",3,"Cremsp2",1
"151",6,"Cremsp2",1
"27",8,"Cremsp2",1
"155",1,"Cremsp2",1
"155",2,"Cremsp2",1
"155",10,"Cremsp2",1
"62",6,"Cremsp2",1
"62",7,"Cremsp2",1
"131",6,"Cremsp2",1
"152",7,"Cremsp2",1
"29",10,"Cremsp2",1
"42",6,"Cremsp2",1
"48",1,"Cremsp2",1
"48",5,"Cremsp2",1
"145",6,"Cremsp2",1
"67",1,"Cremsp2",1
"67",2,"Cremsp2",1
"67",5,"Cremsp2",1
"153",7,"Cremsp2",1
"150",10,"Cremsp2",1
"114",2,"Cremsp2",1
"H",1,"Cremsp2",1
"H",5,"Cremsp2",1
"151",5,"Cremsp3",1
"155",4,"Cremsp3",1
"155",6,"Cremsp3",1
"61",2,"Cremsp3",1
"61",7,"Cremsp3",1
"48",10,"Cremsp3",1
"145",2,"Cremsp3",1
"145",3,"Cremsp3",1
"67",7,"Cremsp3",1
"150",2,"Cremsp3",1
"150",5,"Cremsp3",1
"150",6,"Cremsp3",1
"H",3,"Cremsp3",1
"H",4,"Cremsp3",1
"H",10,"Cremsp3",1
"26",7,"Cremsp3",1
"143",5,"Cremsp4",1
"150",4,"Cremsp4",1
"151",1,"Cremsp5",1
"153",10,"Cremsp5",1
"7",5,"Cremsp6",1
"27",1,"Cremsp6",1
"27",2,"Cremsp6",1
"153a",7,"Cremsp6",1
"29",7,"Cremsp6",1
"29",8,"Cremsp6",1
"42",3,"Cremsp6",1
"42",6,"Cremsp6",1
"42",8,"Cremsp6",1
"143",4,"Cremsp7",1
"27",4,"Cremsp7",1
"27",5,"Cremsp7",1
"27",9,"Cremsp7",1
"155",3,"Cremsp7",1
"155",4,"Cremsp7",1
"155",5,"Cremsp7",1
"155",6,"Cremsp7",1
"155",7,"Cremsp7",1
"152",1,"Cremsp7",1
"152",2,"Cremsp7",1
"152",3,"Cremsp7",1
"152",4,"Cremsp7",1
"152",5,"Cremsp7",1
"152",6,"Cremsp7",1
"152",8,"Cremsp7",1
"152",9,"Cremsp7",1
"152",10,"Cremsp7",1
"67",4,"Cremsp7",1
"153",8,"Cremsp7",1
"150",1,"Cremsp7",1
"150",2,"Cremsp7",1
"150",7,"Cremsp7",1
"150",9,"Cremsp7",1
"114",1,"Cremsp7",1
"114",2,"Cremsp7",1
"114",3,"Cremsp7",1
"114",4,"Cremsp7",1
"114",7,"Cremsp7",1
"114",9,"Cremsp7",1
"16",3,"Cremsp7",1
"16",4,"Cremsp7",1
"16",5,"Cremsp7",1
"16",6,"Cremsp7",1
"16",7,"Cremsp7",1
"16",8,"Cremsp7",1
"16",10,"Cremsp7",1
"H",7,"Cremsp7",1
"27",3,"Cremsp8",1
"27",7,"Cremsp8",1
"27",8,"Cremsp8",1
"27",9,"Cremsp8",1
"27",10,"Cremsp8",1
"67",5,"Cremsp8",1
"67",8,"Cremsp8",1
"67",10,"Cremsp8",1
"62",3,"Cremsp10",1
"131",1,"Cremsp10",1
"131",2,"Cremsp10",1
"131",3,"Cremsp10",1
"131",5,"Cremsp10",1
"131",8,"Cremsp10",1
"131",9,"Cremsp10",1
"131",10,"Cremsp10",1
"61",10,"Cremsp10",1
"152",2,"Cremsp10",1
"67",5,"Cremsp10",1
"114",1,"Cremsp10",1
"114",2,"Cremsp10",1
"114",4,"Cremsp10",1
"114",5,"Cremsp10",1
"114",6,"Cremsp10",1
"114",7,"Cremsp10",1
"114",10,"Cremsp10",1
"26",3,"Cremsp10",1
"26",5,"Cremsp10",1
"26",6,"Cremsp10",1
"26",8,"Cremsp10",1
"26",9,"Cremsp10",1
"26",10,"Cremsp10",1
"154",1,"Cremsp18",1
"154",2,"Cremsp18",1
"154",3,"Cremsp18",1
"154",4,"Cremsp18",1
"154",5,"Cremsp18",1
"154",6,"Cremsp18",1
"154",7,"Cremsp18",1
"154",8,"Cremsp18",1
"154",9,"Cremsp18",1
"154",10,"Cremsp18",1
"67",3,"Cremsp18",1
"67",4,"Cremsp18",1
"67",5,"Cremsp18",1
"67",6,"Cremsp18",1
"67",7,"Cremsp18",1
"67",9,"Cremsp18",1
"26",1,"Cremsp18",1
"26",2,"Cremsp18",1
"26",1,"Cremsp20",1
"26",2,"Cremsp20",1
"26",4,"Cremsp20",1
"26",7,"Cremsp20",1
"26",9,"Cremsp20",1
"26",8,"Cremsp21",1
"26",9,"Cremsp21",1
"26",10,"Cremsp21",1
"131",10,"Cremsp23",1
"7",1,"Solsp1",1
"7",3,"Solsp1",1
"7",5,"Solsp1",1
"7",8,"Solsp1",1
"143",2,"Solsp1",1
"143",3,"Solsp1",1
"143",4,"Solsp1",1
"143",5,"Solsp1",1
"143",8,"Solsp1",1
"143",9,"Solsp1",1
"143",10,"Solsp1",1
"156",1,"Solsp1",1
"156",2,"Solsp1",1
"156",5,"Solsp1",1
"156",6,"Solsp1",1
"156",7,"Solsp1",1
"156",9,"Solsp1",1
"156",10,"Solsp1",1
"151",2,"Solsp1",1
"151",3,"Solsp1",1
"151",4,"Solsp1",1
"151",5,"Solsp1",1
"151",6,"Solsp1",1
"151",8,"Solsp1",1
"151",9,"Solsp1",1
"151",10,"Solsp1",1
"27",1,"Solsp1",1
"27",2,"Solsp1",1
"27",3,"Solsp1",1
"27",4,"Solsp1",1
"27",5,"Solsp1",1
"27",7,"Solsp1",1
"27",8,"Solsp1",1
"27",9,"Solsp1",1
"27",10,"Solsp1",1
"155",2,"Solsp1",1
"155",5,"Solsp1",1
"155",7,"Solsp1",1
"155",10,"Solsp1",1
"62",1,"Solsp1",1
"62",2,"Solsp1",1
"62",4,"Solsp1",1
"62",6,"Solsp1",1
"62",7,"Solsp1",1
"62",8,"Solsp1",1
"62",9,"Solsp1",1
"62",10,"Solsp1",1
"131",1,"Solsp1",1
"131",2,"Solsp1",1
"131",3,"Solsp1",1
"131",4,"Solsp1",1
"131",5,"Solsp1",1
"61",1,"Solsp1",1
"61",2,"Solsp1",1
"61",3,"Solsp1",1
"61",4,"Solsp1",1
"61",5,"Solsp1",1
"61",6,"Solsp1",1
"61",7,"Solsp1",1
"61",8,"Solsp1",1
"61",9,"Solsp1",1
"61",10,"Solsp1",1
"153a",2,"Solsp1",1
"153a",4,"Solsp1",1
"153a",5,"Solsp1",1
"152",2,"Solsp1",1
"152",5,"Solsp1",1
"152",6,"Solsp1",1
"152",7,"Solsp1",1
"152",8,"Solsp1",1
"152",10,"Solsp1",1
"94",2,"Solsp1",1
"94",3,"Solsp1",1
"94",4,"Solsp1",1
"94",6,"Solsp1",1
"94",9,"Solsp1",1
"94",10,"Solsp1",1
"154",8,"Solsp1",1
"29",1,"Solsp1",1
"29",2,"Solsp1",1
"29",3,"Solsp1",1
"29",4,"Solsp1",1
"29",5,"Solsp1",1
"29",8,"Solsp1",1
"42",9,"Solsp1",1
"48",1,"Solsp1",1
"48",2,"Solsp1",1
"48",4,"Solsp1",1
"48",5,"Solsp1",1
"48",7,"Solsp1",1
"48",8,"Solsp1",1
"48",9,"Solsp1",1
"48",10,"Solsp1",1
"145",2,"Solsp1",1
"145",3,"Solsp1",1
"145",4,"Solsp1",1
"145",6,"Solsp1",1
"145",9,"Solsp1",1
"145",10,"Solsp1",1
"67",1,"Solsp1",1
"67",3,"Solsp1",1
"67",4,"Solsp1",1
"67",5,"Solsp1",1
"67",6,"Solsp1",1
"67",7,"Solsp1",1
"67",9,"Solsp1",1
"67",10,"Solsp1",1
"153",1,"Solsp1",1
"153",2,"Solsp1",1
"153",3,"Solsp1",1
"153",4,"Solsp1",1
"153",5,"Solsp1",1
"153",6,"Solsp1",1
"153",7,"Solsp1",1
"153",8,"Solsp1",1
"153",10,"Solsp1",1
"150",1,"Solsp1",1
"150",3,"Solsp1",1
"150",5,"Solsp1",1
"150",6,"Solsp1",1
"150",7,"Solsp1",1
"150",8,"Solsp1",1
"150",9,"Solsp1",1
"114",3,"Solsp1",1
"114",4,"Solsp1",1
"114",5,"Solsp1",1
"114",7,"Solsp1",1
"114",8,"Solsp1",1
"114",9,"Solsp1",1
"114",10,"Solsp1",1
"16",1,"Solsp1",1
"16",2,"Solsp1",1
"16",3,"Solsp1",1
"16",4,"Solsp1",1
"16",6,"Solsp1",1
"16",7,"Solsp1",1
"16",8,"Solsp1",1
"16",9,"Solsp1",1
"16",10,"Solsp1",1
"H",1,"Solsp1",1
"H",3,"Solsp1",1
"H",4,"Solsp1",1
"H",6,"Solsp1",1
"H",7,"Solsp1",1
"H",9,"Solsp1",1
"26",1,"Solsp1",1
"26",2,"Solsp1",1
"26",3,"Solsp1",1
"26",4,"Solsp1",1
"26",6,"Solsp1",1
"26",7,"Solsp1",1
"26",8,"Solsp1",1
"26",9,"Solsp1",1
"7",1,"Solsp2",1
"7",9,"Solsp2",1
"151",2,"Solsp2",1
"151",4,"Solsp2",1
"151",5,"Solsp2",1
"151",9,"Solsp2",1
"151",10,"Solsp2",1
"27",5,"Solsp2",1
"27",7,"Solsp2",1
"155",2,"Solsp2",1
"155",3,"Solsp2",1
"155",4,"Solsp2",1
"155",7,"Solsp2",1
"131",5,"Solsp2",1
"131",6,"Solsp2",1
"131",8,"Solsp2",1
"61",1,"Solsp2",1
"61",2,"Solsp2",1
"61",3,"Solsp2",1
"61",5,"Solsp2",1
"61",6,"Solsp2",1
"61",10,"Solsp2",1
"153a",4,"Solsp2",1
"153a",5,"Solsp2",1
"153a",9,"Solsp2",1
"152",5,"Solsp2",1
"152",7,"Solsp2",1
"154",5,"Solsp2",1
"154",9,"Solsp2",1
"154",10,"Solsp2",1
"29",6,"Solsp2",1
"29",8,"Solsp2",1
"29",10,"Solsp2",1
"48",2,"Solsp2",1
"48",4,"Solsp2",1
"48",5,"Solsp2",1
"48",7,"Solsp2",1
"145",2,"Solsp2",1
"145",3,"Solsp2",1
"145",6,"Solsp2",1
"145",7,"Solsp2",1
"67",5,"Solsp2",1
"153",1,"Solsp2",1
"153",2,"Solsp2",1
"153",4,"Solsp2",1
"153",5,"Solsp2",1
"153",6,"Solsp2",1
"153",7,"Solsp2",1
"153",8,"Solsp2",1
"150",1,"Solsp2",1
"150",9,"Solsp2",1
"114",2,"Solsp2",1
"114",4,"Solsp2",1
"114",5,"Solsp2",1
"114",7,"Solsp2",1
"114",8,"Solsp2",1
"16",4,"Solsp2",1
"16",6,"Solsp2",1
"H",1,"Solsp2",1
"H",6,"Solsp2",1
"H",9,"Solsp2",1
"26",1,"Solsp2",1
"26",3,"Solsp2",1
"26",4,"Solsp2",1
"26",6,"Solsp2",1
"26",7,"Solsp2",1
"26",8,"Solsp2",1
"26",10,"Solsp2",1
"143",6,"Solsp3",1
"156",2,"Solsp3",1
"155",10,"Solsp3",1
"153a",10,"Solsp3",1
"156",4,"Solsp5",1
"156",6,"Solsp5",1
"156",7,"Solsp5",1
"156",8,"Solsp5",1
"151",2,"Solsp5",1
"151",3,"Solsp5",1
"151",4,"Solsp5",1
"151",7,"Solsp5",1
"27",6,"Solsp5",1
"62",4,"Solsp5",1
"62",5,"Solsp5",1
"62",6,"Solsp5",1
"61",8,"Solsp5",1
"153a",1,"Solsp5",1
"94",1,"Solsp5",1
"94",3,"Solsp5",1
"94",10,"Solsp5",1
"154",7,"Solsp5",1
"154",8,"Solsp5",1
"48",5,"Solsp5",1
"48",6,"Solsp5",1
"48",7,"Solsp5",1
"48",8,"Solsp5",1
"67",4,"Solsp5",1
"67",5,"Solsp5",1
"67",6,"Solsp5",1
"67",7,"Solsp5",1
"153",7,"Solsp5",1
"150",2,"Solsp5",1
"150",4,"Solsp5",1
"150",9,"Solsp5",1
"150",10,"Solsp5",1
"H",3,"Solsp5",1
"H",5,"Solsp5",1
"150",9,"Solsp6",1
"151",4,"Solsp7",1
"151",5,"Solsp7",1
"62",2,"Solsp7",1
"62",7,"Solsp7",1
"62",8,"Solsp7",1
"61",10,"Solsp7",1
"94",4,"Solsp7",1
"94",6,"Solsp7",1
"94",7,"Solsp7",1
"94",9,"Solsp7",1
"29",1,"Solsp7",1
"48",1,"Solsp7",1
"48",2,"Solsp7",1
"48",3,"Solsp7",1
"48",4,"Solsp7",1
"48",7,"Solsp7",1
"67",6,"Solsp7",1
"16",1,"Solsp7",1
"16",2,"Solsp7",1
"16",7,"Solsp7",1
"16",8,"Solsp7",1
"16",10,"Solsp7",1
"26",1,"Solsp7",1
"26",6,"Solsp7",1
"26",8,"Solsp7",1
"26",10,"Solsp7",1
"67",7,"Solsp11",1
"67",8,"Solsp11",1
"153",3,"Solsp11",1
"150",3,"Solsp11",1
"150",5,"Solsp11",1
"153a",2,"Solsp12",1
"153a",3,"Solsp12",1
"152",7,"Solsp12",1
"29",5,"Solsp12",1
"29",6,"Solsp12",1
"29",7,"Solsp12",1
"29",8,"Solsp12",1
"29",9,"Solsp12",1
"145",2,"Solsp12",1
"153",7,"Solsp12",1
"153",9,"Solsp12",1
"150",3,"Solsp12",1
"114",5,"Solsp12",1
"114",9,"Solsp12",1
"114",10,"Solsp12",1
"153",4,"Solsp14",1
"153",5,"Solsp14",1
"153",6,"Solsp14",1
"26",2,"Solsp14",1
"153a",1,"Solsp15",1
"153",4,"Solsp15",1
"150",5,"Solsp15",1
"153a",8,"Solsp17",1
"153a",9,"Solsp17",1
"153a",10,"Solsp17",1
"29",2,"Solsp17",1
"29",6,"Solsp17",1
"153",8,"Solsp17",1
"150",5,"Solsp17",1
"150",9,"Solsp17",1
"153a",1,"Solsp18",1
"153a",2,"Solsp18",1
"153a",6,"Solsp18",1
"153a",7,"Solsp18",1
"29",1,"Solsp18",1
"29",8,"Solsp18",1
"29",9,"Solsp18",1
"150",5,"Solsp18",1
"150",7,"Solsp18",1
"114",1,"Solsp18",1
"114",7,"Solsp18",1
"29",10,"Solsp19",1
"145",2,"Solsp20",1
"145",6,"Solsp21",1
"7",1,"Pheisp2",1
"7",8,"Pheisp2",1
"7",10,"Pheisp2",1
"143",2,"Pheisp2",1
"143",5,"Pheisp2",1
"143",6,"Pheisp2",1
"143",7,"Pheisp2",1
"143",8,"Pheisp2",1
"143",9,"Pheisp2",1
"143",10,"Pheisp2",1
"156",3,"Pheisp2",1
"27",3,"Pheisp2",1
"27",6,"Pheisp2",1
"27",8,"Pheisp2",1
"27",9,"Pheisp2",1
"27",10,"Pheisp2",1
"155",1,"Pheisp2",1
"155",2,"Pheisp2",1
"155",3,"Pheisp2",1
"155",4,"Pheisp2",1
"155",5,"Pheisp2",1
"155",6,"Pheisp2",1
"155",8,"Pheisp2",1
"155",10,"Pheisp2",1
"62",4,"Pheisp2",1
"62",5,"Pheisp2",1
"62",6,"Pheisp2",1
"62",10,"Pheisp2",1
"131",4,"Pheisp2",1
"131",5,"Pheisp2",1
"131",8,"Pheisp2",1
"131",9,"Pheisp2",1
"152",1,"Pheisp2",1
"94",4,"Pheisp2",1
"94",6,"Pheisp2",1
"94",8,"Pheisp2",1
"154",1,"Pheisp2",1
"154",2,"Pheisp2",1
"154",3,"Pheisp2",1
"154",4,"Pheisp2",1
"154",5,"Pheisp2",1
"154",7,"Pheisp2",1
"154",9,"Pheisp2",1
"154",10,"Pheisp2",1
"29",3,"Pheisp2",1
"29",6,"Pheisp2",1
"29",7,"Pheisp2",1
"29",8,"Pheisp2",1
"48",1,"Pheisp2",1
"48",5,"Pheisp2",1
"145",3,"Pheisp2",1
"145",5,"Pheisp2",1
"145",9,"Pheisp2",1
"67",3,"Pheisp2",1
"67",4,"Pheisp2",1
"67",9,"Pheisp2",1
"153",3,"Pheisp2",1
"153",6,"Pheisp2",1
"153",8,"Pheisp2",1
"153",9,"Pheisp2",1
"153",10,"Pheisp2",1
"114",4,"Pheisp2",1
"114",8,"Pheisp2",1
"114",9,"Pheisp2",1
"16",2,"Pheisp2",1
"16",4,"Pheisp2",1
"16",5,"Pheisp2",1
"H",9,"Pheisp2",1
"26",2,"Pheisp2",1
"26",4,"Pheisp2",1
"26",6,"Pheisp2",1
"26",8,"Pheisp2",1
"26",9,"Pheisp2",1
"7",2,"Pheisp3",1
"7",1,"Pheisp4",1
"7",4,"Pheisp4",1
"7",5,"Pheisp4",1
"7",7,"Pheisp4",1
"7",8,"Pheisp4",1
"143",1,"Pheisp4",1
"143",2,"Pheisp4",1
"143",3,"Pheisp4",1
"143",4,"Pheisp4",1
"143",5,"Pheisp4",1
"143",6,"Pheisp4",1
"143",7,"Pheisp4",1
"143",8,"Pheisp4",1
"156",1,"Pheisp4",1
"156",3,"Pheisp4",1
"156",4,"Pheisp4",1
"156",5,"Pheisp4",1
"156",6,"Pheisp4",1
"156",7,"Pheisp4",1
"156",9,"Pheisp4",1
"156",10,"Pheisp4",1
"151",1,"Pheisp4",1
"151",3,"Pheisp4",1
"151",4,"Pheisp4",1
"151",5,"Pheisp4",1
"151",6,"Pheisp4",1
"151",7,"Pheisp4",1
"151",8,"Pheisp4",1
"151",9,"Pheisp4",1
"27",1,"Pheisp4",1
"27",2,"Pheisp4",1
"27",3,"Pheisp4",1
"27",4,"Pheisp4",1
"27",5,"Pheisp4",1
"27",7,"Pheisp4",1
"27",9,"Pheisp4",1
"155",2,"Pheisp4",1
"155",5,"Pheisp4",1
"155",7,"Pheisp4",1
"155",8,"Pheisp4",1
"62",2,"Pheisp4",1
"62",3,"Pheisp4",1
"62",4,"Pheisp4",1
"62",5,"Pheisp4",1
"62",6,"Pheisp4",1
"62",7,"Pheisp4",1
"62",8,"Pheisp4",1
"62",9,"Pheisp4",1
"62",10,"Pheisp4",1
"131",1,"Pheisp4",1
"131",2,"Pheisp4",1
"131",3,"Pheisp4",1
"131",5,"Pheisp4",1
"131",6,"Pheisp4",1
"131",10,"Pheisp4",1
"61",1,"Pheisp4",1
"61",3,"Pheisp4",1
"61",7,"Pheisp4",1
"61",8,"Pheisp4",1
"61",9,"Pheisp4",1
"61",10,"Pheisp4",1
"153a",4,"Pheisp4",1
"153a",5,"Pheisp4",1
"152",1,"Pheisp4",1
"152",8,"Pheisp4",1
"152",9,"Pheisp4",1
"94",1,"Pheisp4",1
"94",2,"Pheisp4",1
"94",3,"Pheisp4",1
"94",9,"Pheisp4",1
"94",10,"Pheisp4",1
"154",4,"Pheisp4",1
"154",5,"Pheisp4",1
"154",6,"Pheisp4",1
"154",8,"Pheisp4",1
"154",9,"Pheisp4",1
"154",10,"Pheisp4",1
"29",1,"Pheisp4",1
"29",2,"Pheisp4",1
"29",3,"Pheisp4",1
"29",6,"Pheisp4",1
"29",7,"Pheisp4",1
"29",8,"Pheisp4",1
"42",3,"Pheisp4",1
"42",4,"Pheisp4",1
"42",5,"Pheisp4",1
"42",9,"Pheisp4",1
"42",10,"Pheisp4",1
"48",1,"Pheisp4",1
"48",2,"Pheisp4",1
"48",4,"Pheisp4",1
"48",5,"Pheisp4",1
"48",7,"Pheisp4",1
"48",8,"Pheisp4",1
"48",10,"Pheisp4",1
"145",6,"Pheisp4",1
"145",8,"Pheisp4",1
"145",9,"Pheisp4",1
"67",1,"Pheisp4",1
"67",3,"Pheisp4",1
"67",4,"Pheisp4",1
"67",8,"Pheisp4",1
"67",10,"Pheisp4",1
"153",2,"Pheisp4",1
"153",5,"Pheisp4",1
"153",6,"Pheisp4",1
"153",7,"Pheisp4",1
"153",10,"Pheisp4",1
"150",1,"Pheisp4",1
"150",3,"Pheisp4",1
"150",4,"Pheisp4",1
"150",5,"Pheisp4",1
"150",7,"Pheisp4",1
"150",10,"Pheisp4",1
"114",1,"Pheisp4",1
"114",4,"Pheisp4",1
"114",5,"Pheisp4",1
"114",6,"Pheisp4",1
"114",7,"Pheisp4",1
"114",8,"Pheisp4",1
"114",10,"Pheisp4",1
"16",1,"Pheisp4",1
"16",2,"Pheisp4",1
"16",4,"Pheisp4",1
"16",6,"Pheisp4",1
"16",7,"Pheisp4",1
"16",8,"Pheisp4",1
"16",9,"Pheisp4",1
"16",10,"Pheisp4",1
"H",1,"Pheisp4",1
"H",3,"Pheisp4",1
"H",5,"Pheisp4",1
"H",6,"Pheisp4",1
"H",7,"Pheisp4",1
"26",2,"Pheisp4",1
"26",3,"Pheisp4",1
"26",4,"Pheisp4",1
"26",5,"Pheisp4",1
"26",6,"Pheisp4",1
"7",2,"Pheisp5",1
"7",3,"Pheisp5",1
"7",7,"Pheisp5",1
"7",8,"Pheisp5",1
"156",1,"Pheisp5",1
"156",2,"Pheisp5",1
"156",8,"Pheisp5",1
"156",9,"Pheisp5",1
"151",3,"Pheisp5",1
"151",4,"Pheisp5",1
"151",6,"Pheisp5",1
"27",1,"Pheisp5",1
"27",2,"Pheisp5",1
"27",3,"Pheisp5",1
"27",4,"Pheisp5",1
"27",5,"Pheisp5",1
"27",7,"Pheisp5",1
"27",9,"Pheisp5",1
"27",10,"Pheisp5",1
"155",1,"Pheisp5",1
"155",4,"Pheisp5",1
"155",6,"Pheisp5",1
"131",6,"Pheisp5",1
"131",10,"Pheisp5",1
"153a",6,"Pheisp5",1
"153a",7,"Pheisp5",1
"152",7,"Pheisp5",1
"152",9,"Pheisp5",1
"94",6,"Pheisp5",1
"94",7,"Pheisp5",1
"94",8,"Pheisp5",1
"154",2,"Pheisp5",1
"154",4,"Pheisp5",1
"154",5,"Pheisp5",1
"154",8,"Pheisp5",1
"154",9,"Pheisp5",1
"29",3,"Pheisp5",1
"29",6,"Pheisp5",1
"29",9,"Pheisp5",1
"29",10,"Pheisp5",1
"42",2,"Pheisp5",1
"42",8,"Pheisp5",1
"145",2,"Pheisp5",1
"145",3,"Pheisp5",1
"145",4,"Pheisp5",1
"145",5,"Pheisp5",1
"145",9,"Pheisp5",1
"67",3,"Pheisp5",1
"153",2,"Pheisp5",1
"153",3,"Pheisp5",1
"153",4,"Pheisp5",1
"153",5,"Pheisp5",1
"153",7,"Pheisp5",1
"153",8,"Pheisp5",1
"153",10,"Pheisp5",1
"150",3,"Pheisp5",1
"150",4,"Pheisp5",1
"150",7,"Pheisp5",1
"114",1,"Pheisp5",1
"114",2,"Pheisp5",1
"114",3,"Pheisp5",1
"114",5,"Pheisp5",1
"114",6,"Pheisp5",1
"H",2,"Pheisp5",1
"H",3,"Pheisp5",1
"H",6,"Pheisp5",1
"26",2,"Pheisp5",1
"26",6,"Pheisp5",1
"26",10,"Pheisp5",1
"7",3,"Pheisp6",1
"7",8,"Pheisp6",1
"7",10,"Pheisp6",1
"156",6,"Pheisp6",1
"156",8,"Pheisp6",1
"151",5,"Pheisp6",1
"27",1,"Pheisp6",1
"27",8,"Pheisp6",1
"155",4,"Pheisp6",1
"61",1,"Pheisp6",1
"145",2,"Pheisp6",1
"26",6,"Pheisp6",1
"26",8,"Pheisp6",1
"7",8,"Pheisp7",1
"151",2,"Pheisp7",1
"155",6,"Pheisp7",1
"131",6,"Pheisp7",1
"61",5,"Pheisp7",1
"154",5,"Pheisp7",1
"143",1,"Pheisp8",1
"143",4,"Pheisp8",1
"156",2,"Pheisp8",1
"156",3,"Pheisp8",1
"156",10,"Pheisp8",1
"27",2,"Pheisp8",1
"155",1,"Pheisp8",1
"62",2,"Pheisp8",1
"62",3,"Pheisp8",1
"62",4,"Pheisp8",1
"62",8,"Pheisp8",1
"131",6,"Pheisp8",1
"94",9,"Pheisp8",1
"42",1,"Pheisp8",1
"42",5,"Pheisp8",1
"42",6,"Pheisp8",1
"42",7,"Pheisp8",1
"42",8,"Pheisp8",1
"42",9,"Pheisp8",1
"42",10,"Pheisp8",1
"145",6,"Pheisp8",1
"145",7,"Pheisp8",1
"145",8,"Pheisp8",1
"145",9,"Pheisp8",1
"67",1,"Pheisp8",1
"67",2,"Pheisp8",1
"67",5,"Pheisp8",1
"16",2,"Pheisp8",1
"H",3,"Pheisp8",1
"156",6,"Pheisp9",1
"156",7,"Pheisp9",1
"27",2,"Pheisp9",1
"27",10,"Pheisp9",1
"131",6,"Pheisp9",1
"131",10,"Pheisp9",1
"67",4,"Pheisp9",1
"26",1,"Pheisp9",1
"26",5,"Pheisp9",1
"26",8,"Pheisp9",1
"143",5,"Pheisp10",1
"151",9,"Pheisp10",1
"151",10,"Pheisp10",1
"27",5,"Pheisp10",1
"61",3,"Pheisp10",1
"153a",7,"Pheisp10",1
"152",7,"Pheisp10",1
"48",4,"Pheisp10",1
"150",7,"Pheisp10",1
"150",10,"Pheisp10",1
"H",1,"Pheisp10",1
"26",9,"Pheisp10",1
"7",1,"Pheisp11",1
"7",2,"Pheisp11",1
"156",5,"Pheisp11",1
"156",7,"Pheisp11",1
"155",2,"Pheisp11",1
"155",10,"Pheisp11",1
"62",5,"Pheisp11",1
"131",3,"Pheisp11",1
"131",6,"Pheisp11",1
"131",10,"Pheisp11",1
"61",6,"Pheisp11",1
"61",7,"Pheisp11",1
"61",8,"Pheisp11",1
"61",9,"Pheisp11",1
"153a",1,"Pheisp11",1
"153a",2,"Pheisp11",1
"153a",4,"Pheisp11",1
"94",4,"Pheisp11",1
"94",5,"Pheisp11",1
"94",6,"Pheisp11",1
"94",8,"Pheisp11",1
"94",10,"Pheisp11",1
"29",3,"Pheisp11",1
"29",7,"Pheisp11",1
"29",8,"Pheisp11",1
"42",9,"Pheisp11",1
"145",3,"Pheisp11",1
"67",9,"Pheisp11",1
"153",8,"Pheisp11",1
"150",9,"Pheisp11",1
"114",1,"Pheisp11",1
"114",3,"Pheisp11",1
"114",10,"Pheisp11",1
"16",4,"Pheisp11",1
"H",1,"Pheisp11",1
"H",3,"Pheisp11",1
"H",7,"Pheisp11",1
"H",10,"Pheisp11",1
"143",5,"Pheisp12",1
"156",6,"Pheisp12",1
"27",2,"Pheisp12",1
"27",3,"Pheisp12",1
"27",5,"Pheisp12",1
"27",7,"Pheisp12",1
"27",10,"Pheisp12",1
"131",1,"Pheisp12",1
"61",10,"Pheisp12",1
"156",2,"Pheisp13",1
"27",1,"Pheisp13",1
"27",10,"Pheisp13",1
"62",2,"Pheisp13",1
"131",3,"Pheisp13",1
"61",3,"Pheisp13",1
"61",7,"Pheisp13",1
"61",8,"Pheisp13",1
"152",7,"Pheisp13",1
"48",1,"Pheisp13",1
"48",7,"Pheisp13",1
"145",6,"Pheisp13",1
"145",8,"Pheisp13",1
"67",5,"Pheisp13",1
"67",7,"Pheisp13",1
"153",1,"Pheisp13",1
"153",2,"Pheisp13",1
"153",3,"Pheisp13",1
"153",4,"Pheisp13",1
"153",5,"Pheisp13",1
"153",8,"Pheisp13",1
"150",3,"Pheisp13",1
"150",4,"Pheisp13",1
"150",5,"Pheisp13",1
"114",1,"Pheisp13",1
"114",5,"Pheisp13",1
"114",8,"Pheisp13",1
"16",1,"Pheisp13",1
"H",7,"Pheisp13",1
"7",1,"Pheisp14",1
"151",1,"Pheisp14",1
"151",2,"Pheisp14",1
"151",9,"Pheisp14",1
"27",2,"Pheisp14",1
"27",8,"Pheisp14",1
"131",1,"Pheisp14",1
"131",4,"Pheisp14",1
"131",5,"Pheisp14",1
"153",5,"Pheisp14",1
"114",3,"Pheisp14",1
"151",2,"Pheisp15",1
"27",2,"Pheisp16",1
"27",6,"Pheisp16",1
"27",7,"Pheisp16",1
"27",8,"Pheisp16",1
"27",10,"Pheisp16",1
"155",2,"Pheisp16",1
"155",3,"Pheisp16",1
"155",4,"Pheisp16",1
"155",6,"Pheisp16",1
"131",5,"Pheisp16",1
"H",5,"Pheisp16",1
"27",1,"Pheisp18",1
"27",10,"Pheisp18",1
"155",10,"Pheisp18",1
"62",10,"Pheisp18",1
"131",1,"Pheisp18",1
"131",9,"Pheisp18",1
"67",3,"Pheisp18",1
"27",3,"Pheisp19",1
"155",5,"Pheisp19",1
"155",7,"Pheisp19",1
"67",9,"Pheisp19",1
"150",9,"Pheisp19",1
"26",10,"Pheisp19",1
"27",8,"Pheisp20",1
"155",6,"Pheisp20",1
"48",4,"Pheisp20",1
"114",8,"Pheisp20",1
"26",5,"Pheisp20",1
"26",6,"Pheisp20",1
"27",5,"Pheisp21",1
"27",9,"Pheisp21",1
"131",2,"Pheisp21",1
"131",9,"Pheisp21",1
"153a",2,"Pheisp21",1
"153a",5,"Pheisp21",1
"153a",10,"Pheisp21",1
"152",7,"Pheisp21",1
"152",9,"Pheisp21",1
"94",6,"Pheisp21",1
"154",2,"Pheisp21",1
"154",3,"Pheisp21",1
"42",5,"Pheisp21",1
"42",6,"Pheisp21",1
"42",7,"Pheisp21",1
"48",2,"Pheisp21",1
"67",3,"Pheisp21",1
"67",4,"Pheisp21",1
"153",1,"Pheisp21",1
"153",4,"Pheisp21",1
"153",6,"Pheisp21",1
"153",7,"Pheisp21",1
"114",9,"Pheisp21",1
"H",4,"Pheisp21",1
"H",5,"Pheisp21",1
"H",7,"Pheisp21",1
"26",1,"Pheisp21",1
"26",4,"Pheisp21",1
"26",7,"Pheisp21",1
"26",10,"Pheisp21",1
"27",3,"Pheisp22",1
"27",4,"Pheisp22",1
"155",5,"Pheisp22",1
"27",3,"Pheisp23",1
"61",4,"Pheisp23",1
"61",8,"Pheisp23",1
"153a",2,"Pheisp23",1
"153a",8,"Pheisp23",1
"153a",10,"Pheisp23",1
"94",2,"Pheisp23",1
"94",3,"Pheisp23",1
"94",4,"Pheisp23",1
"94",5,"Pheisp23",1
"94",7,"Pheisp23",1
"154",1,"Pheisp23",1
"154",5,"Pheisp23",1
"154",8,"Pheisp23",1
"29",8,"Pheisp23",1
"42",5,"Pheisp23",1
"48",8,"Pheisp23",1
"145",9,"Pheisp23",1
"153",2,"Pheisp23",1
"150",5,"Pheisp23",1
"114",7,"Pheisp23",1
"26",5,"Pheisp23",1
"26",6,"Pheisp23",1
"27",9,"Pheisp24",1
"155",4,"Pheisp25",1
"62",9,"Pheisp25",1
"61",3,"Pheisp25",1
"152",6,"Pheisp25",1
"152",8,"Pheisp25",1
"152",10,"Pheisp25",1
"154",1,"Pheisp25",1
"48",8,"Pheisp25",1
"150",1,"Pheisp25",1
"150",2,"Pheisp25",1
"27",8,"Pheisp26",1
"155",8,"Pheisp26",1
"61",4,"Pheisp26",1
"61",6,"Pheisp26",1
"153a",4,"Pheisp26",1
"153a",8,"Pheisp26",1
"152",9,"Pheisp26",1
"94",5,"Pheisp26",1
"154",6,"Pheisp26",1
"154",7,"Pheisp26",1
"154",8,"Pheisp26",1
"29",7,"Pheisp26",1
"29",8,"Pheisp26",1
"29",9,"Pheisp26",1
"42",3,"Pheisp26",1
"42",4,"Pheisp26",1
"48",10,"Pheisp26",1
"145",3,"Pheisp26",1
"145",7,"Pheisp26",1
"145",9,"Pheisp26",1
"67",1,"Pheisp26",1
"67",4,"Pheisp26",1
"67",5,"Pheisp26",1
"67",6,"Pheisp26",1
"67",9,"Pheisp26",1
"153",4,"Pheisp26",1
"153",5,"Pheisp26",1
"153",6,"Pheisp26",1
"153",7,"Pheisp26",1
"153",10,"Pheisp26",1
"150",7,"Pheisp26",1
"150",9,"Pheisp26",1
"114",7,"Pheisp26",1
"16",5,"Pheisp26",1
"16",8,"Pheisp26",1
"H",3,"Pheisp26",1
"H",7,"Pheisp26",1
"26",2,"Pheisp26",1
"26",5,"Pheisp26",1
"26",6,"Pheisp26",1
"26",7,"Pheisp26",1
"26",8,"Pheisp26",1
"26",9,"Pheisp26",1
"61",10,"Pheisp27",1
"153a",3,"Pheisp27",1
"H",5,"Pheisp27",1
"155",2,"Pheisp28",1
"145",6,"Pheisp28",1
"150",9,"Pheisp29",1
"155",2,"Pheisp30",1
"155",9,"Pheisp30",1
"62",8,"Pheisp30",1
"62",9,"Pheisp30",1
"62",8,"Pheisp31",1
"62",9,"Pheisp31",1
"131",2,"Pheisp32",1
"131",8,"Pheisp32",1
"61",5,"Pheisp32",1
"153a",5,"Pheisp32",1
"152",4,"Pheisp32",1
"152",9,"Pheisp32",1
"94",6,"Pheisp32",1
"154",4,"Pheisp32",1
"67",7,"Pheisp32",1
"153",8,"Pheisp32",1
"16",3,"Pheisp32",1
"26",9,"Pheisp32",1
"61",3,"Pheisp33",1
"150",3,"Pheisp33",1
"150",8,"Pheisp33",1
"61",4,"Pheisp34",1
"26",8,"Pheisp34",1
"61",4,"Pheisp35",1
"H",6,"Pheisp35",1
"61",5,"Pheisp36",1
"61",6,"Pheisp36",1
"61",7,"Pheisp36",1
"61",9,"Pheisp36",1
"150",9,"Pheisp36",1
"16",8,"Pheisp36",1
"61",7,"Pheisp37",1
"153",8,"Pheisp37",1
"61",7,"Pheisp38",1
"94",3,"Pheisp38",1
"94",5,"Pheisp38",1
"94",6,"Pheisp38",1
"94",7,"Pheisp38",1
"42",5,"Pheisp38",1
"150",6,"Pheisp38",1
"16",4,"Pheisp38",1
"26",3,"Pheisp38",1
"26",9,"Pheisp38",1
"114",8,"Pheisp39",1
"94",2,"Pheisp40",1
"94",3,"Pheisp40",1
"29",3,"Pheisp40",1
"150",2,"Pheisp40",1
"114",3,"Pheisp40",1
"94",3,"Pheisp41",1
"94",4,"Pheisp41",1
"94",6,"Pheisp41",1
"94",8,"Pheisp41",1
"94",9,"Pheisp41",1
"94",10,"Pheisp41",1
"42",5,"Pheisp41",1
"67",3,"Pheisp41",1
"67",7,"Pheisp41",1
"67",10,"Pheisp41",1
"114",7,"Pheisp41",1
"114",10,"Pheisp41",1
"153a",6,"Pheisp44",1
"153a",7,"Pheisp44",1
"42",4,"Pheisp45",1
"145",2,"Pheisp45",1
"153",4,"Pheisp45",1
"114",6,"Pheisp45",1
"145",3,"Pheisp46",1
"145",10,"Pheisp46",1
"67",9,"Pheisp46",1
"153",1,"Pheisp46",1
"153",6,"Pheisp46",1
"67",4,"Pheisp47",1
"67",5,"Pheisp47",1
"153",2,"Pheisp47",1
"67",8,"Pheisp48",1
"150",9,"Pheisp48",1
"153",5,"Pheisp49",1
"42",8,"Pheisp50",1
"145",6,"Pheisp50",1
"16",3,"Pheisp51",1
"26",2,"Pheisp52",1
"150",10,"Pheisp53",1
"114",3,"Pheisp53",1
"114",5,"Pheisp53",1
"114",6,"Pheisp53",1
"150",1,"Pheisp54",1
"150",3,"Pheisp55",1
"150",4,"Pheisp55",1
"150",5,"Pheisp55",1
"150",5,"Pheisp57",1
"7",1,"Pheisp58",1
